-- MySQL dump 10.13  Distrib 5.1.63, for apple-darwin10.3.0 (i386)
--
-- Host: localhost    Database: star
-- ------------------------------------------------------
-- Server version	5.1.63-log

/*!40101 SET @OLD_CHARACTER_SET_CLIENT=@@CHARACTER_SET_CLIENT */;
/*!40101 SET @OLD_CHARACTER_SET_RESULTS=@@CHARACTER_SET_RESULTS */;
/*!40101 SET @OLD_COLLATION_CONNECTION=@@COLLATION_CONNECTION */;
/*!40101 SET NAMES utf8 */;
/*!40103 SET @OLD_TIME_ZONE=@@TIME_ZONE */;
/*!40103 SET TIME_ZONE='+00:00' */;
/*!40014 SET @OLD_UNIQUE_CHECKS=@@UNIQUE_CHECKS, UNIQUE_CHECKS=0 */;
/*!40014 SET @OLD_FOREIGN_KEY_CHECKS=@@FOREIGN_KEY_CHECKS, FOREIGN_KEY_CHECKS=0 */;
/*!40101 SET @OLD_SQL_MODE=@@SQL_MODE, SQL_MODE='NO_AUTO_VALUE_ON_ZERO' */;
/*!40111 SET @OLD_SQL_NOTES=@@SQL_NOTES, SQL_NOTES=0 */;

--
-- Table structure for table `auth_group`
--

DROP TABLE IF EXISTS `auth_group`;
/*!40101 SET @saved_cs_client     = @@character_set_client */;
/*!40101 SET character_set_client = utf8 */;
CREATE TABLE `auth_group` (
  `id` int(11) NOT NULL AUTO_INCREMENT,
  `name` varchar(80) NOT NULL,
  PRIMARY KEY (`id`),
  UNIQUE KEY `name` (`name`)
) ENGINE=InnoDB DEFAULT CHARSET=utf8;
/*!40101 SET character_set_client = @saved_cs_client */;

--
-- Dumping data for table `auth_group`
--

LOCK TABLES `auth_group` WRITE;
/*!40000 ALTER TABLE `auth_group` DISABLE KEYS */;
/*!40000 ALTER TABLE `auth_group` ENABLE KEYS */;
UNLOCK TABLES;

--
-- Table structure for table `auth_group_permissions`
--

DROP TABLE IF EXISTS `auth_group_permissions`;
/*!40101 SET @saved_cs_client     = @@character_set_client */;
/*!40101 SET character_set_client = utf8 */;
CREATE TABLE `auth_group_permissions` (
  `id` int(11) NOT NULL AUTO_INCREMENT,
  `group_id` int(11) NOT NULL,
  `permission_id` int(11) NOT NULL,
  PRIMARY KEY (`id`),
  UNIQUE KEY `auth_group_permissions_group_id_permission_id_0cd325b0_uniq` (`group_id`,`permission_id`),
  KEY `auth_group_permissio_permission_id_84c5c92e_fk_auth_perm` (`permission_id`),
  CONSTRAINT `auth_group_permissions_group_id_b120cbf9_fk_auth_group_id` FOREIGN KEY (`group_id`) REFERENCES `auth_group` (`id`),
  CONSTRAINT `auth_group_permissio_permission_id_84c5c92e_fk_auth_perm` FOREIGN KEY (`permission_id`) REFERENCES `auth_permission` (`id`)
) ENGINE=InnoDB DEFAULT CHARSET=utf8;
/*!40101 SET character_set_client = @saved_cs_client */;

--
-- Dumping data for table `auth_group_permissions`
--

LOCK TABLES `auth_group_permissions` WRITE;
/*!40000 ALTER TABLE `auth_group_permissions` DISABLE KEYS */;
/*!40000 ALTER TABLE `auth_group_permissions` ENABLE KEYS */;
UNLOCK TABLES;

--
-- Table structure for table `auth_permission`
--

DROP TABLE IF EXISTS `auth_permission`;
/*!40101 SET @saved_cs_client     = @@character_set_client */;
/*!40101 SET character_set_client = utf8 */;
CREATE TABLE `auth_permission` (
  `id` int(11) NOT NULL AUTO_INCREMENT,
  `name` varchar(255) NOT NULL,
  `content_type_id` int(11) NOT NULL,
  `codename` varchar(100) NOT NULL,
  PRIMARY KEY (`id`),
  UNIQUE KEY `auth_permission_content_type_id_codename_01ab375a_uniq` (`content_type_id`,`codename`),
  CONSTRAINT `auth_permission_content_type_id_2f476e4b_fk_django_co` FOREIGN KEY (`content_type_id`) REFERENCES `django_content_type` (`id`)
) ENGINE=InnoDB AUTO_INCREMENT=75 DEFAULT CHARSET=utf8;
/*!40101 SET character_set_client = @saved_cs_client */;

--
-- Dumping data for table `auth_permission`
--

LOCK TABLES `auth_permission` WRITE;
/*!40000 ALTER TABLE `auth_permission` DISABLE KEYS */;
INSERT INTO `auth_permission` VALUES (1,'Can add Bookmark',1,'add_bookmark'),(2,'Can change Bookmark',1,'change_bookmark'),(3,'Can delete Bookmark',1,'delete_bookmark'),(4,'Can add log entry',2,'add_log'),(5,'Can change log entry',2,'change_log'),(6,'Can delete log entry',2,'delete_log'),(7,'Can add User Setting',3,'add_usersettings'),(8,'Can change User Setting',3,'change_usersettings'),(9,'Can delete User Setting',3,'delete_usersettings'),(10,'Can add User Widget',4,'add_userwidget'),(11,'Can change User Widget',4,'change_userwidget'),(12,'Can delete User Widget',4,'delete_userwidget'),(13,'Can view Bookmark',1,'view_bookmark'),(14,'Can view log entry',2,'view_log'),(15,'Can view User Setting',3,'view_usersettings'),(16,'Can view User Widget',4,'view_userwidget'),(17,'Can add log entry',5,'add_logentry'),(18,'Can change log entry',5,'change_logentry'),(19,'Can delete log entry',5,'delete_logentry'),(20,'Can view log entry',5,'view_logentry'),(21,'Can add permission',6,'add_permission'),(22,'Can change permission',6,'change_permission'),(23,'Can delete permission',6,'delete_permission'),(24,'Can add group',7,'add_group'),(25,'Can change group',7,'change_group'),(26,'Can delete group',7,'delete_group'),(27,'Can add user',8,'add_user'),(28,'Can change user',8,'change_user'),(29,'Can delete user',8,'delete_user'),(30,'Can view group',7,'view_group'),(31,'Can view permission',6,'view_permission'),(32,'Can view user',8,'view_user'),(33,'Can add content type',9,'add_contenttype'),(34,'Can change content type',9,'change_contenttype'),(35,'Can delete content type',9,'delete_contenttype'),(36,'Can view content type',9,'view_contenttype'),(37,'Can add session',10,'add_session'),(38,'Can change session',10,'change_session'),(39,'Can delete session',10,'delete_session'),(40,'Can view session',10,'view_session'),(41,'Can add 分类',11,'add_category'),(42,'Can change 分类',11,'change_category'),(43,'Can delete 分类',11,'delete_category'),(44,'Can add 课程',12,'add_course'),(45,'Can change 课程',12,'change_course'),(46,'Can delete 课程',12,'delete_course'),(47,'Can add 标签',13,'add_tag'),(48,'Can change 标签',13,'change_tag'),(49,'Can delete 标签',13,'delete_tag'),(50,'Can add 教师表',14,'add_teacher'),(51,'Can change 教师表',14,'change_teacher'),(52,'Can delete 教师表',14,'delete_teacher'),(53,'Can view 分类',11,'view_category'),(54,'Can view 课程',12,'view_course'),(55,'Can view 标签',13,'view_tag'),(56,'Can view 教师表',14,'view_teacher'),(57,'Can add 用户',15,'add_user'),(58,'Can change 用户',15,'change_user'),(59,'Can delete 用户',15,'delete_user'),(60,'Can add my collection',16,'add_mycollection'),(61,'Can change my collection',16,'change_mycollection'),(62,'Can delete my collection',16,'delete_mycollection'),(63,'Can add relation',17,'add_relation'),(64,'Can change relation',17,'change_relation'),(65,'Can delete relation',17,'delete_relation'),(66,'Can view my collection',16,'view_mycollection'),(67,'Can view relation',17,'view_relation'),(68,'Can view 用户',15,'view_user'),(69,'Can add 订单',18,'add_order'),(70,'Can change 订单',18,'change_order'),(71,'Can delete 订单',18,'delete_order'),(72,'Can add 订单详情',19,'add_orderitem'),(73,'Can change 订单详情',19,'change_orderitem'),(74,'Can delete 订单详情',19,'delete_orderitem');
/*!40000 ALTER TABLE `auth_permission` ENABLE KEYS */;
UNLOCK TABLES;

--
-- Table structure for table `auth_user`
--

DROP TABLE IF EXISTS `auth_user`;
/*!40101 SET @saved_cs_client     = @@character_set_client */;
/*!40101 SET character_set_client = utf8 */;
CREATE TABLE `auth_user` (
  `id` int(11) NOT NULL AUTO_INCREMENT,
  `password` varchar(128) NOT NULL,
  `last_login` datetime DEFAULT NULL,
  `is_superuser` tinyint(1) NOT NULL,
  `username` varchar(150) NOT NULL,
  `first_name` varchar(30) NOT NULL,
  `last_name` varchar(30) NOT NULL,
  `email` varchar(254) NOT NULL,
  `is_staff` tinyint(1) NOT NULL,
  `is_active` tinyint(1) NOT NULL,
  `date_joined` datetime NOT NULL,
  PRIMARY KEY (`id`),
  UNIQUE KEY `username` (`username`)
) ENGINE=InnoDB AUTO_INCREMENT=2 DEFAULT CHARSET=utf8;
/*!40101 SET character_set_client = @saved_cs_client */;

--
-- Dumping data for table `auth_user`
--

LOCK TABLES `auth_user` WRITE;
/*!40000 ALTER TABLE `auth_user` DISABLE KEYS */;
INSERT INTO `auth_user` VALUES (1,'pbkdf2_sha256$36000$9WeSMDFjsvmT$YwbPvB7lrwKuM5pMX3QOeMjPZfQx4XmD3JCFLXoRAcs=','2019-03-14 12:46:35',1,'disen','','','610039018@qq.com',1,1,'2019-03-14 12:46:09');
/*!40000 ALTER TABLE `auth_user` ENABLE KEYS */;
UNLOCK TABLES;

--
-- Table structure for table `auth_user_groups`
--

DROP TABLE IF EXISTS `auth_user_groups`;
/*!40101 SET @saved_cs_client     = @@character_set_client */;
/*!40101 SET character_set_client = utf8 */;
CREATE TABLE `auth_user_groups` (
  `id` int(11) NOT NULL AUTO_INCREMENT,
  `user_id` int(11) NOT NULL,
  `group_id` int(11) NOT NULL,
  PRIMARY KEY (`id`),
  UNIQUE KEY `auth_user_groups_user_id_group_id_94350c0c_uniq` (`user_id`,`group_id`),
  KEY `auth_user_groups_group_id_97559544_fk_auth_group_id` (`group_id`),
  CONSTRAINT `auth_user_groups_group_id_97559544_fk_auth_group_id` FOREIGN KEY (`group_id`) REFERENCES `auth_group` (`id`),
  CONSTRAINT `auth_user_groups_user_id_6a12ed8b_fk_auth_user_id` FOREIGN KEY (`user_id`) REFERENCES `auth_user` (`id`)
) ENGINE=InnoDB DEFAULT CHARSET=utf8;
/*!40101 SET character_set_client = @saved_cs_client */;

--
-- Dumping data for table `auth_user_groups`
--

LOCK TABLES `auth_user_groups` WRITE;
/*!40000 ALTER TABLE `auth_user_groups` DISABLE KEYS */;
/*!40000 ALTER TABLE `auth_user_groups` ENABLE KEYS */;
UNLOCK TABLES;

--
-- Table structure for table `auth_user_user_permissions`
--

DROP TABLE IF EXISTS `auth_user_user_permissions`;
/*!40101 SET @saved_cs_client     = @@character_set_client */;
/*!40101 SET character_set_client = utf8 */;
CREATE TABLE `auth_user_user_permissions` (
  `id` int(11) NOT NULL AUTO_INCREMENT,
  `user_id` int(11) NOT NULL,
  `permission_id` int(11) NOT NULL,
  PRIMARY KEY (`id`),
  UNIQUE KEY `auth_user_user_permissions_user_id_permission_id_14a6b632_uniq` (`user_id`,`permission_id`),
  KEY `auth_user_user_permi_permission_id_1fbb5f2c_fk_auth_perm` (`permission_id`),
  CONSTRAINT `auth_user_user_permissions_user_id_a95ead1b_fk_auth_user_id` FOREIGN KEY (`user_id`) REFERENCES `auth_user` (`id`),
  CONSTRAINT `auth_user_user_permi_permission_id_1fbb5f2c_fk_auth_perm` FOREIGN KEY (`permission_id`) REFERENCES `auth_permission` (`id`)
) ENGINE=InnoDB DEFAULT CHARSET=utf8;
/*!40101 SET character_set_client = @saved_cs_client */;

--
-- Dumping data for table `auth_user_user_permissions`
--

LOCK TABLES `auth_user_user_permissions` WRITE;
/*!40000 ALTER TABLE `auth_user_user_permissions` DISABLE KEYS */;
/*!40000 ALTER TABLE `auth_user_user_permissions` ENABLE KEYS */;
UNLOCK TABLES;

--
-- Table structure for table `django_admin_log`
--

DROP TABLE IF EXISTS `django_admin_log`;
/*!40101 SET @saved_cs_client     = @@character_set_client */;
/*!40101 SET character_set_client = utf8 */;
CREATE TABLE `django_admin_log` (
  `id` int(11) NOT NULL AUTO_INCREMENT,
  `action_time` datetime NOT NULL,
  `object_id` longtext,
  `object_repr` varchar(200) NOT NULL,
  `action_flag` smallint(5) unsigned NOT NULL,
  `change_message` longtext NOT NULL,
  `content_type_id` int(11) DEFAULT NULL,
  `user_id` int(11) NOT NULL,
  PRIMARY KEY (`id`),
  KEY `django_admin_log_content_type_id_c4bce8eb_fk_django_co` (`content_type_id`),
  KEY `django_admin_log_user_id_c564eba6_fk_auth_user_id` (`user_id`),
  CONSTRAINT `django_admin_log_user_id_c564eba6_fk_auth_user_id` FOREIGN KEY (`user_id`) REFERENCES `auth_user` (`id`),
  CONSTRAINT `django_admin_log_content_type_id_c4bce8eb_fk_django_co` FOREIGN KEY (`content_type_id`) REFERENCES `django_content_type` (`id`)
) ENGINE=InnoDB DEFAULT CHARSET=utf8;
/*!40101 SET character_set_client = @saved_cs_client */;

--
-- Dumping data for table `django_admin_log`
--

LOCK TABLES `django_admin_log` WRITE;
/*!40000 ALTER TABLE `django_admin_log` DISABLE KEYS */;
/*!40000 ALTER TABLE `django_admin_log` ENABLE KEYS */;
UNLOCK TABLES;

--
-- Table structure for table `django_content_type`
--

DROP TABLE IF EXISTS `django_content_type`;
/*!40101 SET @saved_cs_client     = @@character_set_client */;
/*!40101 SET character_set_client = utf8 */;
CREATE TABLE `django_content_type` (
  `id` int(11) NOT NULL AUTO_INCREMENT,
  `app_label` varchar(100) NOT NULL,
  `model` varchar(100) NOT NULL,
  PRIMARY KEY (`id`),
  UNIQUE KEY `django_content_type_app_label_model_76bd3d3b_uniq` (`app_label`,`model`)
) ENGINE=InnoDB AUTO_INCREMENT=20 DEFAULT CHARSET=utf8;
/*!40101 SET character_set_client = @saved_cs_client */;

--
-- Dumping data for table `django_content_type`
--

LOCK TABLES `django_content_type` WRITE;
/*!40000 ALTER TABLE `django_content_type` DISABLE KEYS */;
INSERT INTO `django_content_type` VALUES (5,'admin','logentry'),(7,'auth','group'),(6,'auth','permission'),(8,'auth','user'),(11,'content','category'),(12,'content','course'),(13,'content','tag'),(14,'content','teacher'),(9,'contenttypes','contenttype'),(18,'order','order'),(19,'order','orderitem'),(10,'sessions','session'),(16,'user','mycollection'),(17,'user','relation'),(15,'user','user'),(1,'xadmin','bookmark'),(2,'xadmin','log'),(3,'xadmin','usersettings'),(4,'xadmin','userwidget');
/*!40000 ALTER TABLE `django_content_type` ENABLE KEYS */;
UNLOCK TABLES;

--
-- Table structure for table `django_migrations`
--

DROP TABLE IF EXISTS `django_migrations`;
/*!40101 SET @saved_cs_client     = @@character_set_client */;
/*!40101 SET character_set_client = utf8 */;
CREATE TABLE `django_migrations` (
  `id` int(11) NOT NULL AUTO_INCREMENT,
  `app` varchar(255) NOT NULL,
  `name` varchar(255) NOT NULL,
  `applied` datetime NOT NULL,
  PRIMARY KEY (`id`)
) ENGINE=InnoDB AUTO_INCREMENT=19 DEFAULT CHARSET=utf8;
/*!40101 SET character_set_client = @saved_cs_client */;

--
-- Dumping data for table `django_migrations`
--

LOCK TABLES `django_migrations` WRITE;
/*!40000 ALTER TABLE `django_migrations` DISABLE KEYS */;
INSERT INTO `django_migrations` VALUES (1,'contenttypes','0001_initial','2019-03-14 12:39:41'),(2,'auth','0001_initial','2019-03-14 12:39:41'),(3,'admin','0001_initial','2019-03-14 12:39:41'),(4,'admin','0002_logentry_remove_auto_add','2019-03-14 12:39:41'),(5,'contenttypes','0002_remove_content_type_name','2019-03-14 12:39:41'),(6,'auth','0002_alter_permission_name_max_length','2019-03-14 12:39:41'),(7,'auth','0003_alter_user_email_max_length','2019-03-14 12:39:41'),(8,'auth','0004_alter_user_username_opts','2019-03-14 12:39:41'),(9,'auth','0005_alter_user_last_login_null','2019-03-14 12:39:41'),(10,'auth','0006_require_contenttypes_0002','2019-03-14 12:39:41'),(11,'auth','0007_alter_validators_add_error_messages','2019-03-14 12:39:41'),(12,'auth','0008_alter_user_username_max_length','2019-03-14 12:39:41'),(13,'content','0001_initial','2019-03-14 12:39:42'),(14,'user','0001_initial','2019-03-14 12:39:42'),(15,'order','0001_initial','2019-03-14 12:39:42'),(16,'sessions','0001_initial','2019-03-14 12:39:42'),(17,'user','0002_auto_20181031_2148','2019-03-14 12:39:42'),(18,'xadmin','0001_initial','2019-03-14 12:39:42');
/*!40000 ALTER TABLE `django_migrations` ENABLE KEYS */;
UNLOCK TABLES;

--
-- Table structure for table `django_session`
--

DROP TABLE IF EXISTS `django_session`;
/*!40101 SET @saved_cs_client     = @@character_set_client */;
/*!40101 SET character_set_client = utf8 */;
CREATE TABLE `django_session` (
  `session_key` varchar(40) NOT NULL,
  `session_data` longtext NOT NULL,
  `expire_date` datetime NOT NULL,
  PRIMARY KEY (`session_key`),
  KEY `django_session_expire_date_a5c62663` (`expire_date`)
) ENGINE=InnoDB DEFAULT CHARSET=utf8;
/*!40101 SET character_set_client = @saved_cs_client */;

--
-- Dumping data for table `django_session`
--

LOCK TABLES `django_session` WRITE;
/*!40000 ALTER TABLE `django_session` DISABLE KEYS */;
INSERT INTO `django_session` VALUES ('p50wk4fbzzrni4jt3esg8dcd6d0v54an','ZTZlMTlkODAzMmQ1Mjg5NTFmMmQxMTg5MTA5OGIxNzdhOWEzM2MzNzp7ImxvZ2luX3VzZXIiOnsiaWQiOjEsIm5pY2tuYW1lIjoiZGlzZW4ifSwiX2F1dGhfdXNlcl9pZCI6IjEiLCJfYXV0aF91c2VyX2JhY2tlbmQiOiJkamFuZ28uY29udHJpYi5hdXRoLmJhY2tlbmRzLk1vZGVsQmFja2VuZCIsIl9hdXRoX3VzZXJfaGFzaCI6IjQ4NDk3MTU5OTI0MjRhN2VlNmFhYmMwNTI3NjYxMGEzNjU3NWJlNmIiLCJMSVNUX1FVRVJZIjpbWyJjb250ZW50IiwiY2F0ZWdvcnkiXSwiIl19','2019-03-28 13:11:42');
/*!40000 ALTER TABLE `django_session` ENABLE KEYS */;
UNLOCK TABLES;

--
-- Table structure for table `t_category`
--

DROP TABLE IF EXISTS `t_category`;
/*!40101 SET @saved_cs_client     = @@character_set_client */;
/*!40101 SET character_set_client = utf8 */;
CREATE TABLE `t_category` (
  `id` int(11) NOT NULL AUTO_INCREMENT,
  `title` varchar(30) NOT NULL,
  PRIMARY KEY (`id`)
) ENGINE=InnoDB AUTO_INCREMENT=10 DEFAULT CHARSET=utf8;
/*!40101 SET character_set_client = @saved_cs_client */;

--
-- Dumping data for table `t_category`
--

LOCK TABLES `t_category` WRITE;
/*!40000 ALTER TABLE `t_category` DISABLE KEYS */;
INSERT INTO `t_category` VALUES (1,'生活'),(2,'职业'),(3,'经济'),(4,'人文'),(5,'个人提升'),(6,'亲子'),(7,'名家课'),(8,'读书'),(9,'教育');
/*!40000 ALTER TABLE `t_category` ENABLE KEYS */;
UNLOCK TABLES;

--
-- Table structure for table `t_course`
--

DROP TABLE IF EXISTS `t_course`;
/*!40101 SET @saved_cs_client     = @@character_set_client */;
/*!40101 SET character_set_client = utf8 */;
CREATE TABLE `t_course` (
  `id` int(11) NOT NULL AUTO_INCREMENT,
  `title` varchar(200) NOT NULL,
  `summary` varchar(200) NOT NULL,
  `cover` varchar(200) NOT NULL,
  `favor` int(11) NOT NULL,
  `price` decimal(5,2) NOT NULL,
  `detail` varchar(300) NOT NULL,
  `category_id` int(11) NOT NULL,
  `tags_id` int(11) NOT NULL,
  `teachers_id` int(11) NOT NULL,
  PRIMARY KEY (`id`),
  KEY `t_course_category_id_1238f974_fk_t_category_id` (`category_id`),
  KEY `t_course_tags_id_69492654_fk_t_tag_id` (`tags_id`),
  KEY `t_course_teachers_id_a6869507_fk_t_teacher_id` (`teachers_id`),
  CONSTRAINT `t_course_teachers_id_a6869507_fk_t_teacher_id` FOREIGN KEY (`teachers_id`) REFERENCES `t_teacher` (`id`),
  CONSTRAINT `t_course_category_id_1238f974_fk_t_category_id` FOREIGN KEY (`category_id`) REFERENCES `t_category` (`id`),
  CONSTRAINT `t_course_tags_id_69492654_fk_t_tag_id` FOREIGN KEY (`tags_id`) REFERENCES `t_tag` (`id`)
) ENGINE=InnoDB AUTO_INCREMENT=181 DEFAULT CHARSET=utf8;
/*!40101 SET character_set_client = @saved_cs_client */;

--
-- Dumping data for table `t_course`
--

LOCK TABLES `t_course` WRITE;
/*!40000 ALTER TABLE `t_course` DISABLE KEYS */;
INSERT INTO `t_course` VALUES (1,'俞敏洪、秦朔 、12位大咖的好书分享课','12位大咖的好书分享课','https://plus-open-image.ws.126.net/7310db0a9d7b461b919e6b58843917eb.jpg?imageView&thumbnail=540y300&quality=90&interlace=1',549,'99.00','https://plus-open-image.ws.126.net/1408ef70772848ccba02c1a3d23b1ad0.jpg?imageView&quality=90',7,2,1),(2,'央视特邀法律专家，帮你避开五大投资陷阱','为你的每分钱保驾护航','https://plus-open-image.ws.126.net/f889a3ea0ebc4203bfaa69033f291db8.jpg?imageView&thumbnail=540y300&quality=90&interlace=1',134,'199.00','https://plus-open-image.ws.126.net/82d2700203d442fba631a98635b36448.jpg?imageView&quality=90',3,2,2),(3,'美国摄影大师课2.0 中文版首发 ','海外畅销17万套 从0基础到大师','https://plus-open-image.ws.126.net/8715f752d5f9494288af5d9e3819254e.jpg?imageView&thumbnail=540y300&quality=90&interlace=1',102,'199.00','https://plus-open-image.ws.126.net/6ff3de3d55a64e42a310569f7f1c176a.jpg?imageView&quality=90',5,1,3),(4,'知道的唐诗，不知道的历史','唐诗小学问','https://plus-open-image.ws.126.net/abe0229b65844ee29e0d9f5964198d81.jpg?imageView&thumbnail=540y300&quality=90&interlace=1',386,'39.00','https://plus-open-image.ws.126.net/f005b46179864beaa98abb304af531ff.jpg?imageView&quality=90',4,2,4),(5,'八步写出投资人青睐的商业计划书','告诉你什么样的商业计划书投资人才会投','https://plus-open-image.ws.126.net/4c5e0183fde74f2cb4ed9beccf391aa5.png?imageView&thumbnail=540y300&quality=90&interlace=1',189,'99.00','https://plus-open-image.ws.126.net/49d1a303e2fb4c6a8abbedc805a64784.png?imageView&quality=90',3,1,5),(6,'教你短时间内制作脱胎换骨的高质量PPT','PPT成长训练营','https://plus-open-image.ws.126.net/164a4a84a3dd4b53bfe1ef71f6ea09be.jpg?imageView&thumbnail=540y300&quality=90&interlace=1',208,'99.00','https://plus-open-image.ws.126.net/bde764650fc04559aa96f7d2f755151e.jpg?imageView&quality=90',2,1,6),(7,'周国平哲学私房课','用哲学解决人生焦虑','https://plus-open-image.ws.126.net/4caf8cf20ebf4e7c859c814c75793f0e.jpg?imageView&thumbnail=540y300&quality=90&interlace=1',208,'180.00','https://plus-open-image.ws.126.net/4e2888f496474678bb4c8c5874e3d6bc.jpg?imageView&quality=90',7,1,7),(8,'唐浩明：曾国藩识人用人20讲','让优秀的人才追随于你','https://plus-open-image.ws.126.net/7f6cb9b7151f403e8d633a99a8721345.jpg?imageView&thumbnail=540y300&quality=90&interlace=1',167,'180.00','https://plus-open-image.ws.126.net/4ab2124971a9480b9e8966546697c31c.jpg?imageView&quality=90',7,1,8),(9,'给你的声音做个整形，一开口就让人着迷','央视配音员教你如何养成高级音色','https://plus-open-image.ws.126.net/dbb10d33e07e4aec8bd50949423fd38c.jpg?imageView&thumbnail=540y300&quality=90&interlace=1',223,'99.00','https://plus-open-image.ws.126.net/dcd19528c3944fcfbfd51a424f4ab002.jpg?imageView&quality=90',1,2,9),(10,'手机摄影大师班：零成本拍惊艳大片','零基础小白也能学会的摄影技巧','https://plus-open-image.ws.126.net/f16c4cf66aba4c0aab9b7751bbf985de.jpg?imageView&thumbnail=540y300&quality=90&interlace=1',781,'59.00','https://plus-open-image.ws.126.net/d98ff272f7764f25be7c361b6550ba2b.jpg?imageView&quality=90',5,2,10),(11,'爱奇艺副总裁教你创业不走弯路','十节课让你未雨绸缪','https://plus-open-image.ws.126.net/c39626c00dfd4521a54794f4d033686b.png?imageView&thumbnail=540y300&quality=90&interlace=1',125,'99.00','https://plus-open-image.ws.126.net/2b931eb68fce4a0a962763e35e918909.jpg?imageView&quality=90',2,2,11),(12,'理财女王速成记 八节懒人理财课','学会投资理财，提高自己的财商','https://plus-open-image.ws.126.net/59b696ec52c34c38b16f31011338e3fd.png?imageView&thumbnail=540y300&quality=90&interlace=1',166,'69.00','https://plus-open-image.ws.126.net/90b060aeb7514571a4b437e1ba0a6078.png?imageView&quality=90',3,2,12),(13,'赖世雄的亲子英语启蒙课','让你家孩子说一口流利英语','https://plus-open-image.ws.126.net/8dfb24b5853d49fea4138c79f146d318.jpg?imageView&thumbnail=540y300&quality=90&interlace=1',211,'69.00','https://plus-open-image.ws.126.net/b1bc5afb79954a7484c3007ab89f4c8d.jpg?imageView&quality=90',6,2,13),(14,'学会钱生钱，32堂你能听懂的理财课','告别死工资，让你的财富跑赢90%的人','https://plus-open-image.ws.126.net/88da81061ee74fb1bf94f0858c08bd2a.png?imageView&thumbnail=540y300&quality=90&interlace=1',2056,'99.00','https://plus-open-image.ws.126.net/c5a7d6c227c94f26affbe26f87400eab.jpg?imageView&quality=90',3,1,14),(15,'给孩子的绘画启蒙课','用艺术激发孩子的天赋潜能','https://plus-open-image.ws.126.net/0c42627c08044f3ebf956077eb57da12.jpg?imageView&thumbnail=540y300&quality=90&interlace=1',191,'99.00','https://plus-open-image.ws.126.net/b181a13ed4dd4d9aa3a4537a9513860c.jpg?imageView&quality=90',6,1,15),(16,'超实用的妈妈情绪管理课，培养听话孩子','做好情绪妈妈培养高情商孩子','https://plus-open-image.ws.126.net/378e8325398440c0a273ad4978d137a8.jpg?imageView&thumbnail=540y300&quality=90&interlace=1',255,'99.00','https://plus-open-image.ws.126.net/0d2ebc0e6a7f473eac67653a0bc92406.JPG?imageView&quality=90',6,2,16),(17,'8节课教你搞定鸡飞狗跳的二孩生活','爸妈们不仅要敢生，还要会养！','https://plus-open-image.ws.126.net/916df485f29f49208648fd37cccbdfbb.jpg?imageView&thumbnail=540y300&quality=90&interlace=1',236,'29.90','https://plus-open-image.ws.126.net/dbc0972a5b014ff2a340d37fe3f195ce.jpg?imageView&quality=90',6,2,17),(18,'小学趣味英语语法课程','适合小学生的语法课，慢节奏梳理语法通关。','https://plus-open-image.ws.126.net/4137e2e3e7674353979cbab73b2e4308.png?imageView&thumbnail=540y300&quality=90&interlace=1',130,'199.00','https://plus-open-image.ws.126.net/3333fc985be84348917073b6374d264b.png?imageView&quality=90',9,1,18),(19,'协和皮肤博士，教你3个月养成冻龄牛奶肌','三个月养成冻龄牛奶肌！','https://plus-open-image.ws.126.net/433c2dd61ce74ed7b02c29b61ebae172.jpg?imageView&thumbnail=540y300&quality=90&interlace=1',2,'79.00','https://plus-open-image.ws.126.net/62f2ad74dafb433ab1bc4bb8aac84ad8.jpg?imageView&quality=90',5,1,19),(20,'明星御用造型师，12堂课彻底改变个人气场','化妆、瘦脸、明星范，教你变美的一切秘诀','https://plus-open-image.ws.126.net/fd03a58aac634751b332bec3eae5bd45.jpg?imageView&thumbnail=540y300&quality=90&interlace=1',1094,'99.00','https://plus-open-image.ws.126.net/prod/4184fe1229f2499e8a9b25b85a58b99c.png?imageView&quality=90',5,1,20),(21,'25位知名教授学者，讲解62本经典好书','带你无限逼近这个复杂世界的真相','https://plus-open-image.ws.126.net/0770c7f2ce4e42afbde50135b86ba29e.jpg?imageView&thumbnail=540y300&quality=90&interlace=1',1,'89.00','https://plus-open-image.ws.126.net/177b01aa262f4f068f6c16512b1a1198.jpg?imageView&quality=90',7,2,21),(22,'破解6大职场难题，提前锁定好offer ','半年面100家的CEO教你选offer','https://plus-open-image.ws.126.net/67b7162265ce48609d7f75abf7be538a.jpg?imageView&thumbnail=540y300&quality=90&interlace=1',230,'19.90','https://plus-open-image.ws.126.net/48538dfb613343f294860931d61e6642.jpg?imageView&quality=90',2,1,22),(23,'11位国际专家为你的精神健康把脉','哈佛大学、中国科学院等国际专家亲自来把脉','https://plus-open-image.ws.126.net/4bae45a3b99b4052a02597f750444554.jpg?imageView&thumbnail=540y300&quality=90&interlace=1',19,'0.00','https://plus-open-image.ws.126.net/c25c328948a94edfac7eb063c2990ef2.jpg?imageView&quality=90',5,2,23),(24,'零基础也让你一学就“上瘾”的兴趣素描','全新零基础兴趣课、反传统教学、有趣好玩','https://plus-open-image.ws.126.net/34bc11a66850498da70394a13ec2e43a.jpg?imageView&thumbnail=540y300&quality=90&interlace=1',352,'69.00','https://plus-open-image.ws.126.net/fcd563eed0d24cb4ba7e7c418a9c9cfe.jpg?imageView&quality=90',5,1,24),(25,'北大心理学女神，32招识人术看透人心','看透对方性格，读懂对方内心的8种方法','https://plus-open-image.ws.126.net/ed26102b10b64c619f6a8b88765f08f8.jpg?imageView&thumbnail=540y300&quality=90&interlace=1',2979,'99.00','https://plus-open-image.ws.126.net/c1ceca91f8614cce91e3e0ae2e65fdd4.jpg?imageView&quality=90',2,2,25),(26,'摄影女神带你玩转私房人像，拍出唯美私房照','高清录播视频课件','https://plus-open-image.ws.126.net/33cd3d416d7e46b8a3e7a1636923dfa8.jpg?imageView&thumbnail=540y300&quality=90&interlace=1',165,'269.00','https://plus-open-image.ws.126.net/1d5271292d044da68454e5b24d7da99a.jpg?imageView&quality=90',5,1,26),(27,'央视配音咖教你0基础学习配音','小白也能学会的配音课','https://plus-open-image.ws.126.net/d3f9e8e45dbf4775a3c685830596811d.jpg?imageView&thumbnail=540y300&quality=90&interlace=1',236,'99.00','https://plus-open-image.ws.126.net/685eb2b294f74cf68a4261ff76aec3a3.png?imageView&quality=90',1,2,27),(28,'听马骏讲三十六计，学处世之道','听计谋之妙，学处世之道','https://plus-open-image.ws.126.net/88d8f05d267148bda53daf50ce5e4da6.jpg?imageView&thumbnail=540y300&quality=90&interlace=1',1227,'76.00','https://plus-open-image.ws.126.net/aeefd1afe38e4156b2e48d565a4f4bad.jpg?imageView&quality=90',7,2,28),(29,'时间管理必修课，精英人士的高效利器','每集10分钟，升级你的效能系统','https://plus-open-image.ws.126.net/035244192d9e495c93a795d10980d21b.png?imageView&thumbnail=540y300&quality=90&interlace=1',549,'99.00','https://plus-open-image.ws.126.net/6f2c2878690a4c819ac1bcf9a081a673.jpg?imageView&quality=90',1,2,29),(30,'向上管理 | 读懂领导，让你的职场少碰壁','管理领导的核心是和领导建立信任和工作默契','https://plus-open-image.ws.126.net/b91c4434d2944ecc93a5d4873483a6c8.jpeg?imageView&thumbnail=540y300&quality=90&interlace=1',396,'99.00','https://plus-open-image.ws.126.net/2f5b6d67b54146c2ae57d321bcd9d6bd.png?imageView&quality=90',2,2,30),(31,'美国VSO：1小时让美食拍的更诱人','用手机、相机捕捉美食的诱人瞬间','https://plus-open-image.ws.126.net/d8740dd27e8e41ada40cb560f56d6be8.jpg?imageView&thumbnail=540y300&quality=90&interlace=1',695,'19.00','https://plus-open-image.ws.126.net/df757e6d87504b448ebd73761b578068.jpg?imageView&quality=90',5,1,31),(32,'乐嘉亲荐：做会处事、会说话的高情商女人','教你如何成为一个优雅女人','https://plus-open-image.ws.126.net/997be3c6ff074c70a746e7f70ed64f0f.jpg?imageView&thumbnail=540y300&quality=90&interlace=1',638,'99.90','https://plus-open-image.ws.126.net/c132d3f22025495d90260574dfc36b76.jpg?imageView&quality=90',1,2,32),(33,'六大名师帮你破除大学迷茫（限时免费）','真·大学必修课','https://plus-open-image.ws.126.net/8897fdc8c42549dd8f8e3b1d5ec937ee.jpg?imageView&thumbnail=540y300&quality=90&interlace=1',2,'89.00','https://plus-open-image.ws.126.net/575a632408eb42ac84f8279ff2654e22.png?imageView&quality=90',7,2,33),(34,'实用沟通技巧课：会说话的人如今最抢手','让你处处受欢迎的32则沟通技巧','https://plus-open-image.ws.126.net/d94c229d0df44dc88d70970e62c8d1f5.jpg?imageView&thumbnail=540y300&quality=90&interlace=1',538,'69.00','https://plus-open-image.ws.126.net/844e85efe706481484f7e9dc500bd576.png?imageView&quality=90',1,2,34),(35,'柏燕谊亲子必修课：妙招应对孩子的分离焦虑','分离焦虑如何破？','https://plus-open-image.ws.126.net/3fc7e65325b2486d942cfa84ca3ac024.jpg?imageView&thumbnail=540y300&quality=90&interlace=1',139,'69.00','https://plus-open-image.ws.126.net/63616fbbc7824c2d868c836b2027d9c3.jpg?imageView&quality=90',6,2,35),(36,'60本豆瓣高分书全面提升见识、智慧、格局','聪明人，不止爱读书，更重要的是会读书','https://plus-open-image.ws.126.net/2c3b08e0037245df9912e1c6b233d9d8.png?imageView&thumbnail=540y300&quality=90&interlace=1',14,'59.00','https://plus-open-image.ws.126.net/prod/839e9a0b7e5a43d3814f2a41f63cfbf1.JPEG?imageView&quality=90',8,2,36),(37,'给孩子的10节硬笔课','帮你找到孩子写不好字的根源','https://plus-open-image.ws.126.net/e0ab4a6493914e059eb3cf7fb08062cc.jpg?imageView&thumbnail=540y300&quality=90&interlace=1',306,'69.00','https://plus-open-image.ws.126.net/e25316106e0d40ee9db572520b347911.jpg?imageView&quality=90',6,1,37),(38,'字源识字：趣解部编本小学一年级汉字','亲近母语，图文释字','https://plus-open-image.ws.126.net/1d3d565821434cd28ce17a3ebdabd998.jpg?imageView&thumbnail=540y300&quality=90&interlace=1',230,'119.00','https://plus-open-image.ws.126.net/fb1e78ddfeae4a42b3177d69cd3c7852.jpg?imageView&quality=90',6,1,38),(39,'阿里全球销售冠军，亲授百万年薪销售秘籍 ','带你搞定关键人，带你业绩5倍增长','https://plus-open-image.ws.126.net/acfbb1cef8d54b2d91fccc5d9a63ae27.jpg?imageView&thumbnail=540y300&quality=90&interlace=1',4,'99.00','https://plus-open-image.ws.126.net/a5213a68a0724f02befa8a70d133e7cc.jpg?imageView&quality=90',2,1,39),(40,'零失误穿搭法，10倍提升你的美','认识自我、选对单品、游刃场合','https://plus-open-image.ws.126.net/f3ef3df63cec48ffb812988edccf2b89.jpg?imageView&thumbnail=540y300&quality=90&interlace=1',850,'99.00','https://plus-open-image.ws.126.net/5b9ef5bfbaa64cc1b6597d4004be24fc.jpg?imageView&quality=90',5,1,40),(41,'小S瑜伽老师的办公室瑜伽课','曾为蔡依林、林志玲等一线女星指导瑜伽','https://plus-open-image.ws.126.net/27ee07e3d2354954a2acfdf8eaf1fa46.png?imageView&thumbnail=540y300&quality=90&interlace=1',302,'79.00','https://plus-open-image.ws.126.net/0a0d34c211eb42e9a1d3e71313ffdc22.png?imageView&quality=90',5,1,41),(42,'跟大佬学说话：央视主持人的沟通必修课','李开复董明珠力荐：做一个会说话的人','https://plus-open-image.ws.126.net/49b076c6dd0c4e579813cf25a75dbc06.jpg?imageView&thumbnail=540y300&quality=90&interlace=1',6373,'199.00','https://plus-open-image.ws.126.net/76cb3f8fcbe94002b1b807495fc70c9f.png?imageView&quality=90',1,2,42),(43,'从人人不理你到人人力挺你的社交沟通课','孤独青年自救指南，克服社交恐惧症','https://plus-open-image.ws.126.net/1240802c131c4e9eaf539d77ce42c302.jpg?imageView&thumbnail=540y300&quality=90&interlace=1',968,'99.00','https://plus-open-image.ws.126.net/5abc88353a204462bd944533984e03c6.jpg?imageView&quality=90',1,2,43),(44,'给孩子的第一堂性教育课----男生版','不要嫌你的孩子还小','https://plus-open-image.ws.126.net/796ce3f2ae174e9abf610ac4174d2291.jpg?imageView&thumbnail=540y300&quality=90&interlace=1',155,'99.00','https://plus-open-image.ws.126.net/9121ec59ea72436aad8f66228a8dd4ea.jpg?imageView&quality=90',6,1,44),(45,'1天1节名校大师课，36天重塑你的学习力','清华人大名师讲毕生干货，附赠36本正版书','https://plus-open-image.ws.126.net/395364e4191c47ce856ce3120eca8fb1.jpg?imageView&thumbnail=540y300&quality=90&interlace=1',6892,'89.00','https://plus-open-image.ws.126.net/b1f0d91227074fb89813c98e7c24a267.jpg?imageView&quality=90',7,1,45),(46,'一生必读99本好书，养成你的学习力','99天每天一本经典好书，养成你的学习力','https://plus-open-image.ws.126.net/eabd9d655ec2405584b540862ba21ab5.png?imageView&thumbnail=540y300&quality=90&interlace=1',2447,'99.00','https://plus-open-image.ws.126.net/eda1b05a772140fe9c77106fd64c9d88.jpg?imageView&quality=90',8,2,46),(47,'田艺苗：十分钟读懂名曲密码','田艺苗和你的音乐下午茶','https://plus-open-image.ws.126.net/062a41872775438faa65c038cd0e5262.jpg?imageView&thumbnail=540y300&quality=90&interlace=1',1646,'66.00','https://plus-open-image.ws.126.net/86f39d3afa804ccaaea0347d825d3a25.jpeg?imageView&quality=90',5,2,47),(48,'命题专家主讲的2019高考数学高分方略课','快速破题篇','https://plus-open-image.ws.126.net/ff6f84e34f204f65bb4979276f793a1a.jpg?imageView&thumbnail=540y300&quality=90&interlace=1',171,'688.00','https://plus-open-image.ws.126.net/71c1f81d41e547b6bb8116eb3efa5c0d.jpg?imageView&quality=90',9,1,48),(49,'21天让声音变好听的私房课','只要跟他人打交道，好声音必不可少','https://plus-open-image.ws.126.net/59c7be02dc6d42d4ba74646b8f90aa0a.jpg?imageView&thumbnail=540y300&quality=90&interlace=1',1,'79.00','https://plus-open-image.ws.126.net/6c09268e4a92418d883000a28047b211.jpg?imageView&quality=90',1,2,49),(50,'乐高STEAM创智课','乐高儿童益智启蒙','https://plus-open-image.ws.126.net/4428253da8a54bbc809abf3b6a75c295.jpg?imageView&thumbnail=540y300&quality=90&interlace=1',501,'88.00','https://plus-open-image.ws.126.net/fbccb59ea08949a6b21ea0f5b2b412a8.png?imageView&quality=90',6,1,50),(51,'只要青春不要痘——祛痘的三查六问','祛痘的三查六问','https://plus-open-image.ws.126.net/096d997e69d34190ab73df1e740058df.jpg?imageView&thumbnail=540y300&quality=90&interlace=1',2350,'69.00','https://plus-open-image.ws.126.net/fd49f5925fba490186f314c69154a9c8.jpg?imageView&quality=90',5,2,51),(52,'小故事里的大道理：99节国学故事课','99个国学经典，培养孩子受用终身的美德','https://plus-open-image.ws.126.net/a83fb7db97f74083ad45af538edf28ec.png?imageView&thumbnail=540y300&quality=90&interlace=1',160,'49.00','https://plus-open-image.ws.126.net/0aba998818834f83a3242b74d164e8ac.jpg?imageView&quality=90',6,2,52),(53,'一支画笔让你秒变元气美少女','与千万粉丝一起零基础学手绘','https://plus-open-image.ws.126.net/40bde445603e4706884ae482982a3d61.jpg?imageView&thumbnail=540y300&quality=90&interlace=1',174,'198.00','https://plus-open-image.ws.126.net/418593e201a1458bac999d6753a88f10.jpg?imageView&quality=90',5,1,53),(54,'市场部必学的【B群+C群】联合社群营销课','24节社群营销课程【重构零售实验室出品】','https://plus-open-image.ws.126.net/32ff745319f645a3ae3e7ae77d4450a3.jpg?imageView&thumbnail=540y300&quality=90&interlace=1',641,'79.00','https://plus-open-image.ws.126.net/prod/e655aea5a49a47779f411ed0aa50110f.png?imageView&quality=90',2,1,54),(55,'叶檀：财经女侠的20堂投资实战课','你必须要懂的十大交易成功学','https://plus-open-image.ws.126.net/fb8722498245488bbf5807fa928d567f.png?imageView&thumbnail=540y300&quality=90&interlace=1',380,'129.00','https://plus-open-image.ws.126.net/1a5f5f0d1c994517a30211611f45b887.png?imageView&quality=90',3,1,55),(56,'月薪3000，0基础也能赚够100万！','实现100万目标，0基础理财实操课','https://plus-open-image.ws.126.net/cdd634e4e5c4466ca36d1ce9570752d9.jpg?imageView&thumbnail=540y300&quality=90&interlace=1',1365,'99.00','https://plus-open-image.ws.126.net/f573c88eeb284300b52ac3d99950b1a9.jpg?imageView&quality=90',3,1,56),(57,'12堂声音美化课，全面提升个人魅力','国内顶级主播李蕾亲授','https://plus-open-image.ws.126.net/27889d965d5f4f5286334f7e31b7ba2a.jpeg?imageView&thumbnail=540y300&quality=90&interlace=1',3,'99.00','https://plus-open-image.ws.126.net/prod/16b70588c8a44697adff945ad83d9d1e.JPEG?imageView&quality=90',1,1,57),(58,'北大教授给孩子的极简生命科学课','科学家给小朋友的视频课','https://plus-open-image.ws.126.net/ca67646dc48d44d28a8edbd9baea88cf.jpg?imageView&thumbnail=540y300&quality=90&interlace=1',167,'299.00','https://plus-open-image.ws.126.net/fc7a6c0d6fe64f99a7e299490e007a5b.jpg?imageView&quality=90',6,1,58),(59,'丁磊力荐电音渐进堂 : 创建标志性音乐','英国最致力HOUSE制作人传授独家秘籍','https://plus-open-image.ws.126.net/65bfa5f174ad4763abdf5089e8b8445e.jpg?imageView&thumbnail=540y300&quality=90&interlace=1',155,'499.00','https://plus-open-image.ws.126.net/081084f6415e4ad288915bd1a636a360.jpg?imageView&quality=90',5,1,59),(60,'柳传志、雷军、李开复领衔主讲的思维升级课','超豪华讲师阵容，让你的思维全面升级','https://plus-open-image.ws.126.net/248fec42134f465fa74ec968450ff892.png?imageView&thumbnail=540y300&quality=90&interlace=1',1602,'99.00','https://plus-open-image.ws.126.net/6a2677d6e3124a76814c3308f88cd79b.png?imageView&quality=90',1,2,60),(61,'20分钟干掉失眠！北大医学博士帮你睡好觉','干掉失眠：原因分析+催眠训练','https://plus-open-image.ws.126.net/ff22613c223c425aaea0479ade8e816f.jpg?imageView&thumbnail=540y300&quality=90&interlace=1',1,'99.00','https://plus-open-image.ws.126.net/a75bd31bd6e04933a87eeb6e6b01e20f.jpg?imageView&quality=90',5,2,61),(62,'揭秘活动营销核心玩法，给你带来千万流量','大神教你玩转活动营销，解密活动核心密码','https://plus-open-image.ws.126.net/8644c48d09ee4380832ff1abd4041f6f.jpg?imageView&thumbnail=540y300&quality=90&interlace=1',352,'99.00','https://plus-open-image.ws.126.net/183c1667d12b4ace95eaeda337669439.jpg?imageView&quality=90',2,2,62),(63,'全球女性性侵案例频发 20节能救命的课程','女性外出遭遇危险 怎么样保护自己','https://plus-open-image.ws.126.net/18d88a1e34d44454a7f554a2df746604.jpg?imageView&thumbnail=540y300&quality=90&interlace=1',322,'29.00','https://plus-open-image.ws.126.net/b5aa8d34037843989441e8f5d7c3c6f0.jpg?imageView&quality=90',1,2,63),(64,'麦肯锡职场思维课：一页纸神奇整理术','职场人必备的【生存（加薪）指南】','https://plus-open-image.ws.126.net/725a1aef249c4322a7530d5a9ed4d5a2.jpg?imageView&thumbnail=540y300&quality=90&interlace=1',3638,'29.90','https://plus-open-image.ws.126.net/e69865d91b3643aa9783c9327f1d35f0.png?imageView&quality=90',2,2,64),(65,'轻松带娃：产后幸福力提升10个秘诀','产后幸福力提升','https://plus-open-image.ws.126.net/0d28825f511342c2ac0ad7dddfbe29a0.jpg?imageView&thumbnail=540y300&quality=90&interlace=1',175,'99.00','https://plus-open-image.ws.126.net/f19d66576b27484d95c1abd37bdfdaa0.jpg?imageView&quality=90',6,2,65),(66,'特种兵总教官，30秒教孩子学会应急自护术','5类场景19大技巧，向说教式教育说不','https://plus-open-image.ws.126.net/6caaa05af04f49518a557a596aed11ae.jpg?imageView&thumbnail=540y300&quality=90&interlace=1',347,'99.00','https://plus-open-image.ws.126.net/581e157f73bf435db7d090dd3400f738.jpg?imageView&quality=90',6,1,66),(67,'天体物理学家张双南给孩子的8节天文课','天体物理学家张双南给孩子的8节天文课','https://plus-open-image.ws.126.net/d0d468e9396542a49fd3371248606df6.jpg?imageView&thumbnail=540y300&quality=90&interlace=1',206,'199.00','https://plus-open-image.ws.126.net/825be8dbea1e4369872e21b012633ca1.png?imageView&quality=90',6,1,67),(68,'记忆的秘密-一切知识不过是记忆','系统掌握神奇的大脑记忆方法——记忆宫殿','https://plus-open-image.ws.126.net/4a68124af5de4aa3858c9e644d93b835.jpg?imageView&thumbnail=540y300&quality=90&interlace=1',617,'99.00','https://plus-open-image.ws.126.net/83b98cd8a29544f9bd418efe4815c93e.jpg?imageView&quality=90',1,1,68),(69,'一开口就能虏获人心的沟通圣经',' 让别人忍不住喜欢你','https://plus-open-image.ws.126.net/8eba13c9e81e40b3ad94bc17de9fd983.png?imageView&thumbnail=540y300&quality=90&interlace=1',342,'99.00','https://plus-open-image.ws.126.net/e13c0a88e37c48c3b597b2c9e7232299.png?imageView&quality=90',1,2,69),(70,'带你业绩倍增的顶尖销售特训营','人人都能成为顶尖销售','https://plus-open-image.ws.126.net/167c609adb334037adb6c50046138910.jpg?imageView&thumbnail=540y300&quality=90&interlace=1',323,'99.00','https://plus-open-image.ws.126.net/a8e61dda521f4eb9b4cac74aa0cbfe96.jpg?imageView&quality=90',2,2,70),(71,'教你黄金人脉关系法则，让身价提升10倍','不放过每一个“贵人”，轻松获得丰富资源','https://plus-open-image.ws.126.net/4219dc0c423b419188bd8abe8fab2f3d.jpg?imageView&thumbnail=540y300&quality=90&interlace=1',2902,'69.00','https://plus-open-image.ws.126.net/a31e890137084e2c854b85a62284875a.jpg?imageView&quality=90',1,2,71),(72,'吴晓波力荐：精读职场晋升21本好书','【21节音频课】高效挖掘知识价值、快速领','https://plus-open-image.ws.126.net/774a2b9b429e42c38936d5249681b93f.jpg?imageView&thumbnail=540y300&quality=90&interlace=1',461,'49.00','https://plus-open-image.ws.126.net/8c8bd426a2414fcb8de1bafbd9084970.jpg?imageView&quality=90',2,2,72),(73,'Offer收割术：15位HR圆你大厂梦！','腾讯、阿里等132位资深HR参与课程开发','https://plus-open-image.ws.126.net/10933ee8befb4160a0e9b862b02305ee.jpg?imageView&thumbnail=540y300&quality=90&interlace=1',222,'99.00','https://plus-open-image.ws.126.net/f12cdd1608724e3b967be069cf29047e.jpg?imageView&quality=90',2,1,73),(74,'汪涵、蔡康永力荐：一开口就掳获人心！','摆脱“不会说话”“情商低”的标签','https://plus-open-image.ws.126.net/32e2a1e6c5a6417ca25fc1d2918da1d2.jpg?imageView&thumbnail=540y300&quality=90&interlace=1',5886,'99.00','https://plus-open-image.ws.126.net/b726af0b696d49c29bb72fb8a737419a.jpg?imageView&quality=90',1,2,74),(75,'硬笔瘦金体入门','零基础学习，领略瘦金体之美','https://plus-open-image.ws.126.net/705f8ee9c2c74a66aeb4f715c1b87fe2.jpg?imageView&thumbnail=540y300&quality=90&interlace=1',191,'129.00','https://plus-open-image.ws.126.net/41a18edb2caa4838bcfeb6c0446fe406.jpg?imageView&quality=90',5,1,75),(76,'人脉搭建实用技巧，教你如何高效拓展人脉','人脉搭建实用技巧','https://plus-open-image.ws.126.net/143ab7df310a4e9e8bcd6393b6407e18.png?imageView&thumbnail=540y300&quality=90&interlace=1',7360,'69.00','https://plus-open-image.ws.126.net/3386f3bbfc8e446b9e4cb06c5ece2c38.png?imageView&quality=90',1,1,76),(77,'笑破肚皮的记忆法，提高10倍记忆力','世界纪录保持者姬广亮带你开发大脑潜能','https://plus-open-image.ws.126.net/a1a9a48ec19a4dad832ae96cddf4a3e9.png?imageView&thumbnail=540y300&quality=90&interlace=1',467,'99.00','https://plus-open-image.ws.126.net/c1770d8206144a28abf55e20d3dba673.png?imageView&quality=90',1,1,77),(78,'30节课10本书，从此摆脱低情商','摆脱低情商，跟谁都聊得来','https://plus-open-image.ws.126.net/8a0f126fe23f4f2e9353db84cf3bfb7a.jpg?imageView&thumbnail=540y300&quality=90&interlace=1',2615,'39.00','https://plus-open-image.ws.126.net/f90a9de1c9a349528c02c54fe8cec19f.jpg?imageView&quality=90',8,2,78),(79,'极简文言学习-实词篇','告别死记硬背，从字源字形上分析字义逻辑','https://plus-open-image.ws.126.net/3d6e4afd67b94a4489f309ae397ac9b2.jpg?imageView&thumbnail=540y300&quality=90&interlace=1',162,'78.00','https://plus-open-image.ws.126.net/d5ff6a9df76e4e968894a069f71e8275.jpg?imageView&quality=90',9,1,79),(80,'丁磊力荐电音渐进堂：音效处理上手攻略','Toolroom大咖教你制作独家旋律','https://plus-open-image.ws.126.net/ee5f2b3ff4364b3499350194b38611aa.jpg?imageView&thumbnail=540y300&quality=90&interlace=1',154,'499.00','https://plus-open-image.ws.126.net/8fe22ca84ee04f17aa2fc7a427954062.jpg?imageView&quality=90',5,1,80),(81,'升职加薪13招，让人人都喜欢和你聊天！','升职加薪13招，让人人都喜欢和你聊天！','https://plus-open-image.ws.126.net/27758de612014f8f9de932f4266cbe91.jpg?imageView&thumbnail=540y300&quality=90&interlace=1',796,'49.00','https://plus-open-image.ws.126.net/1f822b21291d443eab25122d95550b40.jpg?imageView&quality=90',2,2,81),(82,'每天1个心理学效应，21天升级人生','简单入门心理学，让你轻松上手','https://plus-open-image.ws.126.net/833b119bbb7044e89aa859309f220895.jpg?imageView&thumbnail=540y300&quality=90&interlace=1',2824,'19.00','https://plus-open-image.ws.126.net/prod/83a7966dff5743c99b32981e6c416093.JPEG?imageView&quality=90',1,2,82),(83,'百家讲坛于赓哲：被抹黑的隋炀帝','我们该如何克服人性的弱点','https://plus-open-image.ws.126.net/e23ed2f60434458fa40ae26d36fe6426.jpg?imageView&thumbnail=540y300&quality=90&interlace=1',146,'49.00','https://plus-open-image.ws.126.net/15dbeb6d050d422ebb646f11dc1b8b2c.jpg?imageView&quality=90',7,2,83),(84,'今天的艺术，中国当代艺术5讲','你好艺术——MOD增强篇','https://plus-open-image.ws.126.net/12eea5b46c254bbda49044b2481a665b.jpeg?imageView&thumbnail=540y300&quality=90&interlace=1',314,'39.00','https://plus-open-image.ws.126.net/6e0e2da1a7c84dc698e960ef5e747297.png?imageView&quality=90',4,1,84),(85,'趣说古今：教科书不敢说的真相','《殷谋论》','https://plus-open-image.ws.126.net/468abc39a7a4483fb17edeaf3b38ef7d.jpg?imageView&thumbnail=540y300&quality=90&interlace=1',178,'99.00','https://plus-open-image.ws.126.net/8f837cf05142443493b0513921f5a1c1.jpg?imageView&quality=90',4,2,85),(86,'时间管理，实现高效人生的底层技能','自律让你更自由！','https://plus-open-image.ws.126.net/a7822a9c5194455e827d81614d486ae5.jpg?imageView&thumbnail=540y300&quality=90&interlace=1',3579,'99.00','https://plus-open-image.ws.126.net/01e01c3935f4410483947c956fa85a12.jpg?imageView&quality=90',1,2,86),(87,'刘涛力荐的14天肩颈理疗，改善职场久坐病','职场白领必修的肩颈理疗瑜伽课','https://plus-open-image.ws.126.net/b6a212bfe0a14f67b9f8ffacf5afdddc.jpg?imageView&thumbnail=540y300&quality=90&interlace=1',1071,'79.00','https://plus-open-image.ws.126.net/8ecc01bc7028402caeae6ff205cc0d7b.jpg?imageView&quality=90',5,1,87),(88,'8节零基础写作赚钱课，靠投稿听书年入十万','投稿模板+100份选题+800份投稿资源','https://plus-open-image.ws.126.net/88bb6ae709914c96a14f2c8b73d2129b.png?imageView&thumbnail=540y300&quality=90&interlace=1',5,'99.00','https://plus-open-image.ws.126.net/9fd37042acfd4ab1837f7c0469658e21.png?imageView&quality=90',1,2,88),(89,'11节气血双补养颜课，让你气血好美到老','央视、北京卫视、湖南卫视等特邀中医瑜伽','https://plus-open-image.ws.126.net/eb329c24152f4a72a80b2d933e22cb6d.jpg?imageView&thumbnail=540y300&quality=90&interlace=1',221,'79.00','https://plus-open-image.ws.126.net/60bd572a45f64863b2a0f504728619d6.jpg?imageView&quality=90',5,1,89),(90,'100讲助你成为品牌营销专家','掌握品牌思维，营销不攻自破','https://plus-open-image.ws.126.net/712d3ead207d4c70a44d833eca85fd4c.jpg?imageView&thumbnail=540y300&quality=90&interlace=1',2044,'99.00','https://plus-open-image.ws.126.net/eef90146945e4feaa3e0e99938e11e8e.jpg?imageView&quality=90',2,2,90),(91,'论语是部历史剧：20个故事，读懂《论语》','20个故事教你读懂《论语》','https://plus-open-image.ws.126.net/2a96da403cb647b58602cf7b84a6d445.jpg?imageView&thumbnail=540y300&quality=90&interlace=1',229,'99.00','https://plus-open-image.ws.126.net/65d806290fce4c429a7aa2a992f52a01.jpg?imageView&quality=90',4,1,91),(92,'与北大学霸一起挑战高考数学压轴题','骚年们燃起来，备战高考数学，每天积蓄力量','https://plus-open-image.ws.126.net/f5f512557c9b41f6bdf59c539adaccd7.png?imageView&thumbnail=540y300&quality=90&interlace=1',240,'198.00','https://plus-open-image.ws.126.net/f1c3056e3f894542b67b290131815bb8.png?imageView&quality=90',9,1,92),(93,'明星减肥专家邱正宏：教你一瘦就是一辈子','邱正宏医师教你不复胖减肥法','https://plus-open-image.ws.126.net/93b27d3d8eba413197c64a1ab2605244.jpg?imageView&thumbnail=540y300&quality=90&interlace=1',3482,'69.00','https://plus-open-image.ws.126.net/98fe728f18b541a694aefb7b01be1e5b.jpg?imageView&quality=90',5,1,93),(94,'任志强商学课：激发财商潜能·白金版','剖析可复制的商业思路，抓住职场投资机遇','https://plus-open-image.ws.126.net/dea8132ad0c7404c9625ddd991c4c069.jpg?imageView&thumbnail=540y300&quality=90&interlace=1',12,'325.00','https://plus-open-image.ws.126.net/e0cd6c49398540d3bd2d9ad02a135818.jpg?imageView&quality=90',7,2,94),(95,'任志强商学课：激发财商潜能·黄金版','剖析可复制的商业思路，抓住职场投资机遇','https://plus-open-image.ws.126.net/1bc1e5618d7f44ab8846d6aa86b66234.jpg?imageView&thumbnail=540y300&quality=90&interlace=1',16,'79.00','https://plus-open-image.ws.126.net/9d257675cf3747aa863c4386f2cd32fc.jpg?imageView&quality=90',7,2,95),(96,'《红楼梦》里的情商智慧','其间的世情哲理，值得一遍遍阅读、体味','https://plus-open-image.ws.126.net/df7820679f144019b9064691a73306ee.jpg?imageView&thumbnail=540y300&quality=90&interlace=1',9286,'19.00','https://plus-open-image.ws.126.net/4b8abcfac62644e1b62c3662f67b0378.jpg?imageView&quality=90',4,2,96),(97,'产品经理必会的项目管理','7节课让你从0基础到熟练掌握','https://plus-open-image.ws.126.net/d252f0b2175d497fa10501379c973fef.png?imageView&thumbnail=540y300&quality=90&interlace=1',1746,'39.00','https://plus-open-image.ws.126.net/624e55f394b44cdd879823aacdf41e40.png?imageView&quality=90',2,1,97),(98,'30天学会手绘彩铅漫画','30天学会手绘彩铅漫画','https://plus-open-image.ws.126.net/800b7811e28043c09d77b0aae6842b08.jpg?imageView&thumbnail=540y300&quality=90&interlace=1',1058,'29.90','https://plus-open-image.ws.126.net/8dcadb060f3141d588dbd27d9fdd4e21.jpg?imageView&quality=90',5,1,98),(99,'九型人格——教你读懂人际沟通潜规则','九型人格与沟通技巧','https://plus-open-image.ws.126.net/d354c010dad0452db93d176862832a7c.png?imageView&thumbnail=540y300&quality=90&interlace=1',1023,'99.00','https://plus-open-image.ws.126.net/8b14bdb12a334374a6d0a10ba59569b1.jpg?imageView&quality=90',1,1,99),(100,'经营自己，22堂实用的人生管理术','忙到有章法，不做无用功','https://plus-open-image.ws.126.net/2872a8c00e574a518baced0c2eea74dc.jpg?imageView&thumbnail=540y300&quality=90&interlace=1',1883,'169.00','https://plus-open-image.ws.126.net/prod/0bbc9638b7d04384bd92e930f84a9ccf.png?imageView&quality=90',1,1,100),(101,'家庭美育必修课：我们的孩子都是毕加索','为中国家庭量身定制的第一个美育解决方案','https://plus-open-image.ws.126.net/c2b0aa13a5e34ac5a33a1f44c35b8e61.jpg?imageView&thumbnail=540y300&quality=90&interlace=1',228,'369.00','https://plus-open-image.ws.126.net/4a090e9cdd934debadab4c5fb567e33e.jpg?imageView&quality=90',6,1,101),(102,'9节课让你从女性朋友到女朋友的华丽蜕变','升级关系的秘籍','https://plus-open-image.ws.126.net/b212979df2e44603bbf0431277565622.png?imageView&thumbnail=540y300&quality=90&interlace=1',398,'39.90','https://plus-open-image.ws.126.net/b4372c1c5410467eb00a762ad813d30a.jpeg?imageView&quality=90',1,2,102),(103,'季冠霖·甄嬛芈月配音师的声音训练课','你的声音很重要','https://plus-open-image.ws.126.net/c05bc7f5a5294e14a56c7baf3211fd08.jpg?imageView&thumbnail=540y300&quality=90&interlace=1',4,'68.00','https://plus-open-image.ws.126.net/f6eb48b8c0864243a56ca3ac8b314a8f.jpg?imageView&quality=90',1,2,103),(104,'当好奇心遇上科学','抓住每一次一闪而过的好奇心','https://plus-open-image.ws.126.net/560ac8c86fe246b0820ba2618e527479.jpg?imageView&thumbnail=540y300&quality=90&interlace=1',154,'39.00','https://plus-open-image.ws.126.net/f854c6b80ac54d4796f2062cfd91cb63.jpg?imageView&quality=90',5,2,104),(105,'8堂课对症下药，搞定你的薪酬设计','好的薪酬方案，节省40%的人力成本','https://plus-open-image.ws.126.net/a7dbc277237849fa840c28f21e3d6339.png?imageView&thumbnail=540y300&quality=90&interlace=1',325,'99.00','https://plus-open-image.ws.126.net/aba52ab5826843c099ed27e6c2577a32.jpg?imageView&quality=90',2,1,105),(106,'凤凰卫视潘玥：教你做有掌声有笑声的演讲！','任何场合想说就说，做身边人的焦点！','https://plus-open-image.ws.126.net/d4b7335383ee435e966a3881e2c62b25.png?imageView&thumbnail=540y300&quality=90&interlace=1',8506,'19.90','https://plus-open-image.ws.126.net/4afeb2a33b7642a5861586e7e6341956.jpg?imageView&quality=90',1,1,106),(107,'爆红史剧《明朝那些事儿》精华解读','有趣！有料！有史实！','https://plus-open-image.ws.126.net/7d6b324e967f4fc1a820861f9ec9c77f.jpg?imageView&thumbnail=540y300&quality=90&interlace=1',2463,'40.00','https://plus-open-image.ws.126.net/141cafa23f954f479ad613098586e880.jpg?imageView&quality=90',4,2,107),(108,'世界影史百年经典电影赏析（第一季）','带你从小白变身电影达人','https://plus-open-image.ws.126.net/14dc75dddf044c9ea137ef5d2df21960.JPG?imageView&thumbnail=540y300&quality=90&interlace=1',441,'39.99','https://plus-open-image.ws.126.net/985b6a6c175849a1b00c2e83acd21244.JPG?imageView&quality=90',4,2,108),(109,'婚恋家庭法律必修课','婚恋家庭中需知的法律知识点','https://plus-open-image.ws.126.net/2ba68be45b7a4a9aadc431a08b659647.jpg?imageView&thumbnail=540y300&quality=90&interlace=1',217,'99.00','https://plus-open-image.ws.126.net/9d378c9dc741431bb1afa9588a7845e7.jpg?imageView&quality=90',1,2,109),(110,'樊登读书：10本书让你胜任月薪5万的工作','从心态到技能，锻造职场核心竞争力','https://plus-open-image.ws.126.net/8810658e8bde4c9996abf138eefcd611.jpg?imageView&thumbnail=540y300&quality=90&interlace=1',1590,'99.00','https://plus-open-image.ws.126.net/a0fa084f9fee403ba7a440b0fd95bdfe.jpg?imageView&quality=90',8,1,110),(111,'小S林志玲瑜伽教练的瑜伽私教课','明星都在练的气质瑜伽','https://plus-open-image.ws.126.net/62c59a0d544647139d45c581b5be49bf.jpg?imageView&thumbnail=540y300&quality=90&interlace=1',262,'69.00','https://plus-open-image.ws.126.net/77404aae5e8b472c88a9f5261085e291.jpg?imageView&quality=90',5,1,111),(112,'拆锦囊，尽显人生智慧的60个锦囊妙计','60位历史人物的智慧解读','https://plus-open-image.ws.126.net/617ddbd527374688aedde2407584fe1a.jpg?imageView&thumbnail=540y300&quality=90&interlace=1',668,'99.00','https://plus-open-image.ws.126.net/07cb77eb0fba4a109e8b27d1b455f321.jpg?imageView&quality=90',1,2,112),(113,'四大畅销书作家教你写出属于自己的小说','成为小说作家从现在开始','https://plus-open-image.ws.126.net/be64cffcfbe94fbb87cc8757dc912f9d.jpg?imageView&thumbnail=540y300&quality=90&interlace=1',2880,'89.00','https://plus-open-image.ws.126.net/2ff690cfeeb04868afb0e34ded66151c.jpg?imageView&quality=90',1,1,113),(114,'10天日系漫画速成班','10天日系漫画速成班','https://plus-open-image.ws.126.net/ede6e34d6c1346bf8d23f7f26810c477.jpg?imageView&thumbnail=540y300&quality=90&interlace=1',4022,'9.90','https://plus-open-image.ws.126.net/2f2f04fcb8dd4ed6be0a8b22617e21af.jpg?imageView&quality=90',5,1,114),(115,'儿童水粉画教程-零基础入门','儿童水粉画教程-零基础入门','https://plus-open-image.ws.126.net/f541e994c9374c1396b6fbd5491b0948.jpg?imageView&thumbnail=540y300&quality=90&interlace=1',801,'9.90','https://plus-open-image.ws.126.net/1fe0eda2e1b548ce8a84f6d6bb32b5e9.jpg?imageView&quality=90',6,1,115),(116,'三个月吸粉300万，抖音大V速成记','人人都可以学会的网红实操手册','https://plus-open-image.ws.126.net/f61d87f6100d4f58b0c457523cb9bf32.jpg?imageView&thumbnail=540y300&quality=90&interlace=1',639,'59.00','https://plus-open-image.ws.126.net/6526ac8043e94461bfd9897ca58c2980.jpg?imageView&quality=90',2,2,116),(117,'10堂课升级你的绩效管理能力','向谷歌、微软、阿里、海尔等全球名企学习','https://plus-open-image.ws.126.net/dddab54dc7a74627acb15dfd59607610.png?imageView&thumbnail=540y300&quality=90&interlace=1',480,'199.00','https://plus-open-image.ws.126.net/65ced2ad67824ccc87809041e8bf81d2.jpg?imageView&quality=90',2,1,117),(118,'30堂朋友圈人脉变现课：实现营销快速变现','从月入3千到月入5万，高情商营销快速变现','https://plus-open-image.ws.126.net/faa00721b8934acda7351ef3ded47a7f.jpg?imageView&thumbnail=540y300&quality=90&interlace=1',1509,'99.00','https://plus-open-image.ws.126.net/18a427d67d7c404ba1f948180ebc1904.jpg?imageView&quality=90',2,2,118),(119,'哈佛女神鲁林希：让你聪明十倍的学习力！','告别平庸，不做99%的低效勤奋者','https://plus-open-image.ws.126.net/ead93201958848f192c6b5c333a2cd72.png?imageView&thumbnail=540y300&quality=90&interlace=1',16,'99.00','https://plus-open-image.ws.126.net/6dd6c5eddf9c4f5c8f5cb8b8615033fa.png?imageView&quality=90',1,1,119),(120,'给孩子的第一堂性教育课----女孩版','别嫌性教育早，强奸犯永远不会嫌你的孩子小','https://plus-open-image.ws.126.net/3cf0852c57bb48c796186f1baece4550.png?imageView&thumbnail=540y300&quality=90&interlace=1',269,'99.00','https://plus-open-image.ws.126.net/7331c0c58d654314ad4a9e2fc9898e07.jpg?imageView&quality=90',6,1,120),(121,'梁惠王带你读古诗词','看伟大的作品，会有如逢故人的感觉','https://plus-open-image.ws.126.net/36c48009a47a4f5b9ea3919c12912ee5.jpg?imageView&thumbnail=540y300&quality=90&interlace=1',423,'99.00','https://plus-open-image.ws.126.net/prod/9257051c0e7c474fa442fb5c791a2cc7.JPEG?imageView&quality=90',4,2,121),(122,'丁磊力荐电音渐进堂：金牌制作人带你入门','格莱美提名制作人带你制作独一无二的旋律 ','https://plus-open-image.ws.126.net/1c16bb9e36e747848fbd407b03df5762.jpg?imageView&thumbnail=540y300&quality=90&interlace=1',188,'499.00','https://plus-open-image.ws.126.net/889cb308e0bf4c008f9f08d360f65138.jpg?imageView&quality=90',5,1,122),(123,'丁磊力荐电音渐进堂：制作引爆舞池个性音乐','ANOTR教你快速玩转Logic Pro','https://plus-open-image.ws.126.net/a02c1ef4ad37429bac53105615d22c73.jpg?imageView&thumbnail=540y300&quality=90&interlace=1',229,'499.00','https://plus-open-image.ws.126.net/cadad5de81bc445d8b79c225a885bb95.jpg?imageView&quality=90',5,1,123),(124,'做效率达人：教你轻松掌控自己的时间和生活','教你如何管理时间，潜移默化的改变自己','https://plus-open-image.ws.126.net/f14693a06ba64d5190bcab5671c43a35.jpg?imageView&thumbnail=540y300&quality=90&interlace=1',564,'79.90','https://plus-open-image.ws.126.net/373bac6c9e484c80a5a64ae2bed1878e.jpg?imageView&quality=90',1,1,124),(125,'美国VSO：从入门到精通Premiere','完全掌握AdobePR 学会视频剪辑技能','https://plus-open-image.ws.126.net/736c98c73dfe45e3ba2a6fb42d4ac04e.jpg?imageView&thumbnail=540y300&quality=90&interlace=1',1193,'99.00','https://plus-open-image.ws.126.net/0da1882e374d4bccbfce5feaf43fc050.jpg?imageView&quality=90',2,1,125),(126,'如何成为公文写作高手——公文速成指南','公文高手指南','https://plus-open-image.ws.126.net/2a0210b7d08c498d80bae0d028ea4db5.jpeg?imageView&thumbnail=540y300&quality=90&interlace=1',5772,'69.00','https://plus-open-image.ws.126.net/384f8e7d29fd438a93d470ada56d583a.jpeg?imageView&quality=90',1,2,126),(127,'理性护肤颜究院','来自中山大学的二十四堂美颜课','https://plus-open-image.ws.126.net/554157539bd7490aaf7db60ed76eeb2b.jpeg?imageView&thumbnail=540y300&quality=90&interlace=1',5868,'49.00','https://plus-open-image.ws.126.net/fc6a6c30fb664d1daef9cdc763756868.jpg?imageView&quality=90',5,2,127),(128,'从零学瘦金体','当代瘦金体扛鼎之人授课','https://plus-open-image.ws.126.net/d865ab381df04c11a5bf021b95ab9f44.jpg?imageView&thumbnail=540y300&quality=90&interlace=1',226,'199.00','https://plus-open-image.ws.126.net/e490b806c040414d852c2037bd0eee04.jpg?imageView&quality=90',5,1,128),(129,'5步破解人生困局，让资源和人脉主动找你','武志红力荐：教你挖掘自身的资源与价值','https://plus-open-image.ws.126.net/1f7d67d22163400d89b71f7ab35ddd62.jpg?imageView&thumbnail=540y300&quality=90&interlace=1',1320,'99.00','https://plus-open-image.ws.126.net/459b6173116842feb2824a72452c8d1d.jpg?imageView&quality=90',1,2,129),(130,'明星绝密饮食清单，让我2个月内狂瘦32斤','吃饱睡好也能瘦','https://plus-open-image.ws.126.net/ddd52076bd5f404387d6432289f4edf4.jpeg?imageView&thumbnail=540y300&quality=90&interlace=1',1812,'68.00','https://plus-open-image.ws.126.net/87fb64c1bc6743ea8567dcb4886686af.jpeg?imageView&quality=90',5,1,130),(131,'清华学霸的高效阅读秘籍','【刘主编亲授|100节课】阅读方法训练营','https://plus-open-image.ws.126.net/c8451e42cfff4967a50cd64b1d66c7da.jpg?imageView&thumbnail=540y300&quality=90&interlace=1',1154,'79.00','https://plus-open-image.ws.126.net/5a91a8659ff74526ad71ceff3bf63e5e.jpg?imageView&quality=90',8,2,131),(132,'用手机教你拍摄爆款淘宝短视频','零基础手机视频拍摄线上课程','https://plus-open-image.ws.126.net/5a9c0fc0f02b491ab2af062d88939cce.jpg?imageView&thumbnail=540y300&quality=90&interlace=1',173,'499.00','https://plus-open-image.ws.126.net/3b56b8fbc4544c2aacc5b1563146ba39.jpg?imageView&quality=90',5,1,132),(133,'12节思维导图实战课，提高职场竞争力','12个常用思维模式，12个职场应运实例','https://plus-open-image.ws.126.net/f6bd1f735a114609a090285f7c931241.jpg?imageView&thumbnail=540y300&quality=90&interlace=1',329,'49.00','https://plus-open-image.ws.126.net/b8a1c0e0e85840c984c25271b2a01fff.jpg?imageView&quality=90',2,1,133),(134,'北大医学专家帮你解决99%睡眠问题','从此睡得着、睡得好、睡得饱！','https://plus-open-image.ws.126.net/1599746226f446f8a11971b49f1c483c.jpg?imageView&thumbnail=540y300&quality=90&interlace=1',2317,'69.00','https://plus-open-image.ws.126.net/138e60ca84c940eb91ce2e0e6f4b538e.jpg?imageView&quality=90',5,2,134),(135,'极简时间管理课，从此告别越忙越穷','听完这七本书，让你从此告别越忙越穷','https://plus-open-image.ws.126.net/9411b09979d6449ba4f81f95013ade39.png?imageView&thumbnail=540y300&quality=90&interlace=1',648,'69.00','https://plus-open-image.ws.126.net/35d9bd87fe0340f99ca5fa55e0e1e1c9.png?imageView&quality=90',1,2,135),(136,'网易青媒计划第八期','网易“万有引力”全国校园内容创作大赛','https://plus-open-image.ws.126.net/8ded9a6752c143369e185d095797ccae.png?imageView&thumbnail=540y300&quality=90&interlace=1',6,'999.00','https://plus-open-image.ws.126.net/4e69f84214c64cc5ad10dfc80888edc7.png?imageView&quality=90',1,1,136),(137,'情商课堂：3岁开始学沟通','3-7岁孩子的学前礼物','https://plus-open-image.ws.126.net/e73d1bf7bf094f7ab5b70d20d2df708a.jpg?imageView&thumbnail=540y300&quality=90&interlace=1',112,'99.00','https://plus-open-image.ws.126.net/e547af1018a64c80aea4f1e4e4800bd8.jpg?imageView&quality=90',6,2,137),(138,'运用结构思考力，清晰表达观点有效说服他人','教你做到思考清晰表达有力','https://plus-open-image.ws.126.net/f4294c611952477bae5438cefc8c9371.jpg?imageView&thumbnail=540y300&quality=90&interlace=1',436,'19.90','https://plus-open-image.ws.126.net/2bf4c2debd254d44ac72a5f41fafb555.jpg?imageView&quality=90',1,2,138),(139,'SNH48时尚导师的30堂时尚蜕变必修课','品味进阶:杨扬的魅力升级指南','https://plus-open-image.ws.126.net/2725be77df2c4d3a892ef9a1ebc9740f.jpg?imageView&thumbnail=540y300&quality=90&interlace=1',156,'99.00','https://plus-open-image.ws.126.net/0f205c419d214c8cbb418c589a2717d4.jpg?imageView&quality=90',1,2,139),(140,'高中英语 | 易考语法句型精讲','真正英语学习的理解+应用，提高英语成绩','https://plus-open-image.ws.126.net/29bae0f0faf74693aaa690715c42d450.jpg?imageView&thumbnail=540y300&quality=90&interlace=1',195,'198.00','https://plus-open-image.ws.126.net/b50b69396922418a963bf64ff7086d3b.jpg?imageView&quality=90',9,1,140),(141,'未来30年商业新思维：给你清晰的爆品战略','从0-1打造爆品，好用是硬道理','https://plus-open-image.ws.126.net/eb58133645224f92b90a2b2f3cef6521.jpg?imageView&thumbnail=540y300&quality=90&interlace=1',361,'39.00','https://plus-open-image.ws.126.net/6e0e97ba9a394719bee7b3fc9ef81e5d.jpg?imageView&quality=90',3,2,141),(142,'让何洁瘦30斤的明星教练：在家练出好身材','每天15分钟，在家练出好身材！','https://plus-open-image.ws.126.net/13d17cbcc3d243ac892c0919281c5c50.jpg?imageView&thumbnail=540y300&quality=90&interlace=1',5726,'99.00','https://plus-open-image.ws.126.net/5b69178396a7497e892703a4855a6080.jpg?imageView&quality=90',5,1,142),(143,'Lightroom零基础精通照片后期编辑','让你的照片更出彩','https://plus-open-image.ws.126.net/9b7975cc375a4ec08301555ec3f19fb6.jpg?imageView&thumbnail=540y300&quality=90&interlace=1',103,'99.00','https://plus-open-image.ws.126.net/4d3f947dae4344c3bf137f0722308228.jpg?imageView&quality=90',5,1,143),(144,'4维工作汇报法，搞定老板，倍速升职加薪！','99%的人都不知道的职场“潜规则”~','https://plus-open-image.ws.126.net/f027f2e0afa74de9a0aee4b93844a4a9.jpg?imageView&thumbnail=540y300&quality=90&interlace=1',350,'69.00','https://plus-open-image.ws.126.net/81e79b130e65415ba4bcf9b09acd436b.jpg?imageView&quality=90',2,2,144),(145,'52堂名画赏析课，让你成为最会赏画的人','文艺女神该有的修养都在这里 ','https://plus-open-image.ws.126.net/12a1385def24460a8561285a9c8df1d1.jpg?imageView&thumbnail=540y300&quality=90&interlace=1',270,'198.00','https://plus-open-image.ws.126.net/aedccb06333d40d48034776099c879bc.jpg?imageView&quality=90',5,1,145),(146,'英语口语发音技巧课程','掌握地道美语发音技巧，不再学习哑巴英语','https://plus-open-image.ws.126.net/0b6420f687574855b7d86d01f7db5d5c.jpg?imageView&thumbnail=540y300&quality=90&interlace=1',129,'199.00','https://plus-open-image.ws.126.net/f34bb277d1ee4822ae7d332ff5a7463e.jpg?imageView&quality=90',9,1,146),(147,'48节实战课，年薪200万是这样练成的！','职场晋升“火箭速度”是这样炼成的','https://plus-open-image.ws.126.net/f1b79639180e461899d862fe84a16fe2.png?imageView&thumbnail=540y300&quality=90&interlace=1',181,'199.00','https://plus-open-image.ws.126.net/4f346fd7d88648dd8d12e055bf7eaf6c.png?imageView&quality=90',2,1,147),(148,'职场、恋爱多场景，30招打造你的话语权','蜕变，从表达开始','https://plus-open-image.ws.126.net/ee684ec9bb244d7787535ddbf33d8d4f.jpeg?imageView&thumbnail=540y300&quality=90&interlace=1',979,'99.00','https://plus-open-image.ws.126.net/f7bdc9022bba405eaee380e9f6745ce4.jpeg?imageView&quality=90',1,2,148),(149,'用得上的美语思维课','30堂课掌握与老外谈笑风生的神奇能力','https://plus-open-image.ws.126.net/511f6be043254fcfbb5c21f5f364acea.jpg?imageView&thumbnail=540y300&quality=90&interlace=1',4082,'29.00','https://plus-open-image.ws.126.net/d57228e15726462eadaf4f247ff80610.jpg?imageView&quality=90',9,2,149),(150,'实用硬笔行书，快而美写好字','简单实用，帮你写好硬笔行书','https://plus-open-image.ws.126.net/6006c1479b1c4d42a8c83514223a24d8.jpg?imageView&thumbnail=540y300&quality=90&interlace=1',201,'99.00','https://plus-open-image.ws.126.net/fae4bdb658cc4175b6e2fedab14f5322.jpg?imageView&quality=90',5,1,150),(151,'21本财富经典：从投资小白到高财商','13位财经精英陪你读完21本财商经典','https://plus-open-image.ws.126.net/b9183897dc294fec8bb139d2c66c54df.png?imageView&thumbnail=540y300&quality=90&interlace=1',317,'99.00','https://plus-open-image.ws.126.net/6c7e89929a464020a5976512525693be.png?imageView&quality=90',3,2,151),(152,'美国VSO：视频字体动效速成课','影视后期必修技能 9种出字动效实例','https://plus-open-image.ws.126.net/b4b494c65efa4063be7c9733934480d3.jpg?imageView&thumbnail=540y300&quality=90&interlace=1',159,'29.00','https://plus-open-image.ws.126.net/94665c9482f34b85bdc2cbe903175a47.jpg?imageView&quality=90',2,1,152),(153,'零基础钢笔淡彩插画，轻松月入3万','本期课程将带大家进入水彩世界。','https://plus-open-image.ws.126.net/d62bff47742d4b74923052e135a57a91.jpg?imageView&thumbnail=540y300&quality=90&interlace=1',236,'99.00','https://plus-open-image.ws.126.net/da92b3f46711408997a1f231af78e035.jpg?imageView&quality=90',5,1,153),(154,'迅雷创始人程浩：13节课独家解读精益创业','16年创业老兵亲授，13个精益决策方案','https://plus-open-image.ws.126.net/7e89542b14444d209125b10059ec5dd4.jpeg?imageView&thumbnail=540y300&quality=90&interlace=1',440,'39.00','https://plus-open-image.ws.126.net/840d5befa7114b5e9cb9eb13cfda6b1f.jpeg?imageView&quality=90',2,2,154),(155,'记忆的秘密-神奇的图像记忆','采取理论+实训的教学方式','https://plus-open-image.ws.126.net/4e5b1b98706b4655a1f37ada155261f7.jpg?imageView&thumbnail=540y300&quality=90&interlace=1',189,'99.00','https://plus-open-image.ws.126.net/f8f1e87a7d424a8288a5dd52c13462ae.jpg?imageView&quality=90',1,1,155),(156,'每天5分钟，利用碎片化时间成就自我','关于碎片化学习，你想知道的全在这里了','https://plus-open-image.ws.126.net/f0e21549f0d345f289db12f9ec8ce7c3.jpg?imageView&thumbnail=540y300&quality=90&interlace=1',4513,'29.00','https://plus-open-image.ws.126.net/f45765ff90a843a6ba37f95d8a5f7300.jpg?imageView&quality=90',1,1,156),(157,'赚钱的理财课：从没钱理财到年收益10万','让你从“没钱理财”到“年收益10万”','https://plus-open-image.ws.126.net/3038a2e36278457fa84ce042f5530c54.jpg?imageView&thumbnail=540y300&quality=90&interlace=1',311,'99.00','https://plus-open-image.ws.126.net/1b6d60b21ce44b67ae661f281c8c21ee.jpg?imageView&quality=90',3,1,157),(158,'学了这12节课，随手拍出惊艳朋友圈的照片','赞爆你的朋友圈','https://plus-open-image.ws.126.net/d657b66351914ccbbf952ec80adbeafa.jpg?imageView&thumbnail=540y300&quality=90&interlace=1',967,'99.00','https://plus-open-image.ws.126.net/e2f1975ff513494e8b338272c767c2cc.jpg?imageView&quality=90',5,1,158),(159,'陈小春御用化妆师教你零基础学化妆 ','三分钟蜕变魅力女神','https://plus-open-image.ws.126.net/1e342c2c9feb417bb2168b4c71f7d237.png?imageView&thumbnail=540y300&quality=90&interlace=1',518,'39.00','https://plus-open-image.ws.126.net/08daa01ce00f4541ac78aee4be3f22a3.jpg?imageView&quality=90',5,1,159),(160,'【记忆通用公式】中小学生必备神技！','帮助学生数倍的提高记忆力、学习力','https://plus-open-image.ws.126.net/271d509102ee4576b911c9a791e4a2fd.jpg?imageView&thumbnail=540y300&quality=90&interlace=1',190,'99.00','https://plus-open-image.ws.126.net/9f542853b22f45a189858ad5b72f2e1b.jpg?imageView&quality=90',9,1,160),(161,'90分钟教你搞定年度品牌传播方案','一稿搞定老板/客户的秘诀','https://plus-open-image.ws.126.net/7100797b713e471daaa19d2a54a02361.jpg?imageView&thumbnail=540y300&quality=90&interlace=1',299,'99.00','https://plus-open-image.ws.126.net/37624eca17774a11b60237ca373dffa8.jpg?imageView&quality=90',2,1,161),(162,'贝克汉姆调酒师亲授10节红酒品鉴课',' 迅速提升品位 让你更受欢迎','https://plus-open-image.ws.126.net/4b2a36029c0e43a183eeb94c864a2172.jpg?imageView&thumbnail=540y300&quality=90&interlace=1',289,'59.00','https://plus-open-image.ws.126.net/46abca0e0fdb469ca9345ca08db92ba7.jpg?imageView&quality=90',5,1,162),(163,'网易裂变前沿峰会·观众票','（不含电音party）','https://plus-open-image.ws.126.net/99d77f00d59f48cb8ab68e272aff8a5d.jpg?imageView&thumbnail=540y300&quality=90&interlace=1',192,'88.00','https://plus-open-image.ws.126.net/82c2612e6fc04be295a3d1d04e5ce3e2.jpg?imageView&quality=90',2,1,163),(164,'网易裂变前沿峰会·嘉宾票','（含电音party及限量T恤）','https://plus-open-image.ws.126.net/4295ec6519b945c9b5e780daacc9969d.jpg?imageView&thumbnail=540y300&quality=90&interlace=1',194,'688.00','https://plus-open-image.ws.126.net/97fed41b18744d3984395821fbebea2d.jpg?imageView&quality=90',2,1,164),(165,'游医生眼健康课堂','仰望星空，从看得清楚开始','https://plus-open-image.ws.126.net/546506af28354487a2d0369597a94c79.jpg?imageView&thumbnail=540y300&quality=90&interlace=1',689,'48.00','https://plus-open-image.ws.126.net/d4863202f4944184a6cd09062a727ef7.jpeg?imageView&quality=90',5,1,165),(166,'大V成长之路丨教你0基础玩转抖音','百万人气视频原创作者亲授抖音大V之路','https://plus-open-image.ws.126.net/7e884b8bbfc24237b50a007df49053c8.jpg?imageView&thumbnail=540y300&quality=90&interlace=1',311,'39.00','https://plus-open-image.ws.126.net/52463a5e69c7494fb26f8da1c85cbcf0.jpg?imageView&quality=90',2,2,166),(167,'国宝解密：台北故宫十大国宝书画','故宫里学历史：台北故宫十大书画','https://plus-open-image.ws.126.net/1b286ffcd66241f99ea4de8fd3588601.jpg?imageView&thumbnail=540y300&quality=90&interlace=1',220,'29.00','https://plus-open-image.ws.126.net/7bd690d23ff349328d5b9ebac53dc065.jpg?imageView&quality=90',4,2,167),(168,'别让焦虑拖垮你 与情绪做朋友 ','13节课学会处理生活中的负面情绪','https://plus-open-image.ws.126.net/e1b3c79401d54b1ba146d0c1c41548e0.jpg?imageView&thumbnail=540y300&quality=90&interlace=1',204,'69.00','https://plus-open-image.ws.126.net/0d079afb30c94bca8a21eeba12c4242e.jpg?imageView&quality=90',1,2,168),(169,'从马甲线到蜜桃臀，足不出户打造完美身材','从马甲线到蜜桃臀，足不出户打造完美身材','https://plus-open-image.ws.126.net/e05da168c8f9404d919b930e1f6d1bd7.jpg?imageView&thumbnail=540y300&quality=90&interlace=1',390,'99.00','https://plus-open-image.ws.126.net/prod/7c79b861816442f78648c9160b0bc920.gif?undefined',5,1,169),(170,'比基尼大赛实战选手带你练成完美度假身材','2平米空间随时随地健身','https://plus-open-image.ws.126.net/1937636dabc24a2a91b094f5abe9c211.jpg?imageView&thumbnail=540y300&quality=90&interlace=1',177,'69.00','https://plus-open-image.ws.126.net/22ae6ef9b08b4168904f716d9fdf469a.jpg?imageView&quality=90',5,1,170),(171,'全球摄影大赛金奖得主韩松手机摄影全系课程','适用于手机摄影爱好者，摄影初学者','https://plus-open-image.ws.126.net/a3aac9b445b340d196fb747bc89dbb4f.png?imageView&thumbnail=540y300&quality=90&interlace=1',2,'99.00','https://plus-open-image.ws.126.net/bd039ff335e74cfc887e825f2dd353fa.jpeg?imageView&quality=90',5,1,171),(172,'11堂静心减压、提气凝神的气质调理小课','消烦、减压、静修，提升精气神的11堂气质','https://plus-open-image.ws.126.net/a41bff5940ba4fd7be96b3d1a638214d.jpg?imageView&thumbnail=540y300&quality=90&interlace=1',198,'79.00','https://plus-open-image.ws.126.net/5101ac0967b5480abf8dba1ebb7c95b0.jpg?imageView&quality=90',5,1,172),(173,'网易裂变前沿峰会·观众票含电音party','（含电音party）','https://plus-open-image.ws.126.net/e32036833b8e4337b2c35aec1cd8104a.jpg?imageView&thumbnail=540y300&quality=90&interlace=1',172,'168.00','https://plus-open-image.ws.126.net/1af1503578474f8790ffbb577ac294d8.jpg?imageView&quality=90',2,1,173),(174,'北大MFA艺术硕士考研全线指南','全是高手，没有废话。','https://plus-open-image.ws.126.net/1382854a637142a5b1a558e1a1a9701a.jpg?imageView&thumbnail=540y300&quality=90&interlace=1',188,'299.00','https://plus-open-image.ws.126.net/85d1b1fb44ad49ab93a351400846eb5d.jpeg?imageView&quality=90',9,2,174),(175,'旅行摄影全攻略 人像/海岛/前期/后期','城市游  海岛游 风光游 旅拍口袋教程','https://plus-open-image.ws.126.net/38f15b4ce58149419b42512bb8d130a7.jpg?imageView&thumbnail=540y300&quality=90&interlace=1',161,'398.00','https://plus-open-image.ws.126.net/4df74ed359c641b18e35104f20dc3320.jpg?imageView&quality=90',5,1,175),(176,'七天培养孩子超强专注力','提升学习效率，让孩子受益一生','https://plus-open-image.ws.126.net/dde1e1b2dd914c0cb5b71012e8dffc42.png?imageView&thumbnail=540y300&quality=90&interlace=1',134,'69.00','https://plus-open-image.ws.126.net/71e7258c1e7c480284209cafe4917c14.png?imageView&quality=90',9,1,176),(177,'女总裁找你谈话：我和90后聊职场','建立成熟职场心智，“征服”老员工！','https://plus-open-image.ws.126.net/9e558dd9450940008457d69953a95269.png?imageView&thumbnail=540y300&quality=90&interlace=1',140,'66.00','https://plus-open-image.ws.126.net/1a8dc077e37b4a89abb4476ee5f5ea92.png?imageView&quality=90',2,2,177),(178,'做智慧父母，让孩子更优秀','做“智慧型家长”成为所有家庭共同的期盼','https://plus-open-image.ws.126.net/bf4994d8a52349908463ab7a1075b303.png?imageView&thumbnail=540y300&quality=90&interlace=1',154,'69.00','https://plus-open-image.ws.126.net/6ef9449e863e422a84bfdea82f730506.jpg?imageView&quality=90',6,2,178),(179,'高情商女人会说话：女人必学的36节说话课','开启智慧女人说话的“门”和“道”','https://plus-open-image.ws.126.net/ebcf0e0bc83746d99f6cfa3ec528286a.jpg?imageView&thumbnail=540y300&quality=90&interlace=1',353,'99.00','https://plus-open-image.ws.126.net/7403904f4aa944b58b09d0dfa12c0156.jpg?imageView&quality=90',1,2,179),(180,'学得会的老板思维','人人都是自己的CEO','https://plus-open-image.ws.126.net/e47f0f201c0b45279f1afee713bafdd7.png?imageView&thumbnail=540y300&quality=90&interlace=1',166,'99.00','https://plus-open-image.ws.126.net/2b133d42c56c435f9b22102d93941c5e.png?imageView&quality=90',2,2,180);
/*!40000 ALTER TABLE `t_course` ENABLE KEYS */;
UNLOCK TABLES;

--
-- Table structure for table `t_order`
--

DROP TABLE IF EXISTS `t_order`;
/*!40101 SET @saved_cs_client     = @@character_set_client */;
/*!40101 SET character_set_client = utf8 */;
CREATE TABLE `t_order` (
  `id` int(11) NOT NULL AUTO_INCREMENT,
  `orn` varchar(20) NOT NULL,
  `title` varchar(100) NOT NULL,
  `pay` decimal(10,2) NOT NULL,
  `create_time` datetime NOT NULL,
  `update_time` datetime NOT NULL,
  `pay_type` int(11) NOT NULL,
  `user_id_id` int(11) DEFAULT NULL,
  PRIMARY KEY (`id`),
  KEY `t_order_user_id_id_e5da3f80_fk_t_user_id` (`user_id_id`),
  CONSTRAINT `t_order_user_id_id_e5da3f80_fk_t_user_id` FOREIGN KEY (`user_id_id`) REFERENCES `t_user` (`id`)
) ENGINE=InnoDB DEFAULT CHARSET=utf8;
/*!40101 SET character_set_client = @saved_cs_client */;

--
-- Dumping data for table `t_order`
--

LOCK TABLES `t_order` WRITE;
/*!40000 ALTER TABLE `t_order` DISABLE KEYS */;
/*!40000 ALTER TABLE `t_order` ENABLE KEYS */;
UNLOCK TABLES;

--
-- Table structure for table `t_order_item`
--

DROP TABLE IF EXISTS `t_order_item`;
/*!40101 SET @saved_cs_client     = @@character_set_client */;
/*!40101 SET character_set_client = utf8 */;
CREATE TABLE `t_order_item` (
  `id` int(11) NOT NULL AUTO_INCREMENT,
  `cnt` int(11) NOT NULL,
  `price` decimal(10,2) NOT NULL,
  `course_id` int(11) NOT NULL,
  `order_id` int(11) NOT NULL,
  PRIMARY KEY (`id`),
  KEY `t_order_item_course_id_d8c25cb1_fk_t_course_id` (`course_id`),
  KEY `t_order_item_order_id_792f03b0_fk_t_order_id` (`order_id`),
  CONSTRAINT `t_order_item_order_id_792f03b0_fk_t_order_id` FOREIGN KEY (`order_id`) REFERENCES `t_order` (`id`),
  CONSTRAINT `t_order_item_course_id_d8c25cb1_fk_t_course_id` FOREIGN KEY (`course_id`) REFERENCES `t_course` (`id`)
) ENGINE=InnoDB DEFAULT CHARSET=utf8;
/*!40101 SET character_set_client = @saved_cs_client */;

--
-- Dumping data for table `t_order_item`
--

LOCK TABLES `t_order_item` WRITE;
/*!40000 ALTER TABLE `t_order_item` DISABLE KEYS */;
/*!40000 ALTER TABLE `t_order_item` ENABLE KEYS */;
UNLOCK TABLES;

--
-- Table structure for table `t_tag`
--

DROP TABLE IF EXISTS `t_tag`;
/*!40101 SET @saved_cs_client     = @@character_set_client */;
/*!40101 SET character_set_client = utf8 */;
CREATE TABLE `t_tag` (
  `id` int(11) NOT NULL AUTO_INCREMENT,
  `title` varchar(20) NOT NULL,
  PRIMARY KEY (`id`)
) ENGINE=InnoDB AUTO_INCREMENT=3 DEFAULT CHARSET=utf8;
/*!40101 SET character_set_client = @saved_cs_client */;

--
-- Dumping data for table `t_tag`
--

LOCK TABLES `t_tag` WRITE;
/*!40000 ALTER TABLE `t_tag` DISABLE KEYS */;
INSERT INTO `t_tag` VALUES (1,'视频课'),(2,'音频课');
/*!40000 ALTER TABLE `t_tag` ENABLE KEYS */;
UNLOCK TABLES;

--
-- Table structure for table `t_teacher`
--

DROP TABLE IF EXISTS `t_teacher`;
/*!40101 SET @saved_cs_client     = @@character_set_client */;
/*!40101 SET character_set_client = utf8 */;
CREATE TABLE `t_teacher` (
  `id` int(11) NOT NULL AUTO_INCREMENT,
  `name` varchar(50) NOT NULL,
  `image` varchar(300) NOT NULL,
  `intro` varchar(200) NOT NULL,
  PRIMARY KEY (`id`)
) ENGINE=InnoDB AUTO_INCREMENT=181 DEFAULT CHARSET=utf8;
/*!40101 SET character_set_client = @saved_cs_client */;

--
-- Dumping data for table `t_teacher`
--

LOCK TABLES `t_teacher` WRITE;
/*!40000 ALTER TABLE `t_teacher` DISABLE KEYS */;
INSERT INTO `t_teacher` VALUES (1,'俞敏洪、宋志平等','https://open-image.nosdn.127.net/8f6fe90ef4d04b369529545f2463ccc6.jpg?imageView&thumbnail=200y200&quality=95','俞敏洪新东方教育集团创始人兼董事长中国最具影响力的50位商界领袖2.宋志平中国建材集团董事长，曾连续6年获得“财富中国最具影响力的50位商界领袖”等等'),(2,'喜禾文化','https://open-image.nosdn.127.net/bbe8ad57590c4df09d599eae84258cca.png?imageView&thumbnail=200y200&quality=95','北京喜禾文化传播有限公司 | 国内顶尖的高质音频产品出品方 | 喜禾出品，声动于心'),(3,'Philip.Ebiner','https://open-image.nosdn.127.net/62d9bcaab9b647688f9aea57de22746d.jpg?imageView&thumbnail=200y200&quality=95','Video School Online创始人·全球超过60万学生·海外专家级摄影影视课程讲师·关注微博/公众号：美国VSO，获取更多服务'),(4,'楚桥','https://open-image.nosdn.127.net/9ac11fff096f4cf4a6b2a6310af68792.jpg?imageView&thumbnail=200y200&quality=95','作者楚桥，青年文化学者，简书签约作者，热爱传统文化，唐诗宋词讲述者，精于研究唐诗宋词。'),(5,'倪云华','https://open-image.nosdn.127.net/16bebf9f142f4d708cf3e4af3f48c497.jpg?imageView&thumbnail=200y200&quality=95','中国著名实践型商业顾问，NXT管理咨询机构合伙人。前普华永道、IBM咨询总监，曾任华为、海尔、腾讯、万科、中国银行、中国国航等大型企业战略顾问，提供战略、组织、运营人力资源方面，及跨国管理等方面的服务。'),(6,'三顿','https://open-image.nosdn.127.net/173b097b0ce04312bf0bd773a5d87ea2.jpg?imageView&thumbnail=200y200&quality=95','三顿：PPT设计师；简书签约作者；同名公众号：三顿'),(7,'周国平','https://open-image.nosdn.127.net/906d0a9174564175a51c30ded00b4923.jpg?imageView&thumbnail=200y200&quality=95','周国平：著名作家、学者、哲学研究者'),(8,'唐浩明','https://open-image.nosdn.127.net/f6d290683ecb4f95917f1b86d1c75fd1.jpg?imageView&thumbnail=200y200&quality=95','唐浩明：中国研究曾国藩第一人，潜心研究30年，一辈子只做一件事！《曾国藩》作者，图书销量过1000万册。'),(9,'留声','https://open-image.nosdn.127.net/f09c6f082e024ea68fd771d92cabdf3b.jpg?imageView&thumbnail=200y200&quality=95','中央电视台配音员，播音主持与应用心理学双学士、表演硕士。原江南影视艺术学院教师、海南广播电视总台记者。'),(10,'吴玮','https://open-image.nosdn.127.net/73ae57ef55864f828d9bda5df02747fd.jpg?imageView&thumbnail=200y200&quality=95','著名摄影学者、摄影教育家、网易专栏作家。清华大学深圳研究院、广州研究院特聘摄影讲师、国家高级摄影技师、高级教师、摄像师、多项民俗摄影与人像摄影金银奖得主。'),(11,'王世颖','https://open-image.nosdn.127.net/17aa8e4a4ad64f0aa08c8b8b9c84836b.jpg?imageView&thumbnail=200y200&quality=95','爱奇艺副总裁中国传媒大学名誉硕士生导师'),(12,'多多老师','https://open-image.nosdn.127.net/eeb896c3ffec4486a2a6bd4de0300017.jpg?imageView&thumbnail=200y200&quality=95','家庭理财教育专家，《清单理财法》创始人，雪球特约讲师，知乎live讲师'),(13,'干货帮','https://open-image.nosdn.127.net/58cf8686f2d74101ae6db16b588992c4.jpg?imageView&thumbnail=200y200&quality=95','干货帮与你一起终身成长，抱团学习。'),(14,'简七','https://open-image.nosdn.127.net/a98dd01f9efe420b97d36fe5b8a31261.png?imageView&thumbnail=200y200&quality=95','简七，”简七理财“创始人，中信出版社签约作者，网易云课堂明星讲师；蚂蚁财富特聘独家“有财教练”。著有《好好赚钱》、《巴比伦富翁新解》等多本理财类书籍。2017年“简七理财“获得胡润年度最具影响力的财经自媒体50强称号。'),(15,'裴俊飞','https://open-image.nosdn.127.net/bb39a2992ff047f792d46e7c586b0161.jpg?imageView&thumbnail=200y200&quality=95','裴俊飞，毕业于中央美术学院，少儿美育一线教师，全国美术高校巡讲100场+，培训高中美术专业老师500人+，至今已有12年+教学经验，受益人数累计10000+，个人出版图书12本，销量100000+册，妈妈拉艺术网校创始人。'),(16,'周小鹏','https://open-image.nosdn.127.net/61cdd2a6934e44b9b9336c2cb4a89f57.jpg?imageView&thumbnail=200y200&quality=95','周小鹏／时尚辣妈，情绪情感心理专家，15年咨询经验的国家高级心理咨询师，前百合网婚恋研究院院长，《爱情保卫战》《鲁豫有约》《律师来了》等节目的婚恋心理专家，接受过CCTV-13《新闻调查》、cctv-2，美国bbc电台，《华盛顿邮报》，英国《经济学人》，等国内国际一流报刊专访。'),(17,'陈星彤','https://open-image.nosdn.127.net/f635b714991e4869ad7ef51d9a523c64.png?imageView&thumbnail=200y200&quality=95','有娃家长学校创始人，美国正面管教协会注册学校讲师，美国正面管教协会注册家长讲师，国际认证鼓励咨询师，多家幼儿园家长课堂特聘讲师，儿童发展与教育心理学硕士，10岁、3岁两个男孩子的母亲。'),(18,'Jasmine(茉莉)老师','https://open-image.nosdn.127.net/78443caaa6f3407ea272f752eeb2b884.png?imageView&thumbnail=200y200&quality=95','Jasmine（茉莉）老师是英语专业出身，在多年的教研工作中积累了大量的教学经验，拥有灵活多样的教学技巧，对教育学和心理学有深厚的研究。一口地道的美式发音英语，擅长“母语教学法”，注重让学员们在听说的环境下把英语当成母语的方式去学习，让他们在后面的英语学习中培养良好的语感。'),(19,'吕雪莲','https://open-image.nosdn.127.net/7431d3104e7847db943a92a1e6535db9.jpg?imageView&thumbnail=200y200&quality=95','她是协和医院皮肤医学专业博士、硕士生导师；她是首都医科大学北京安贞医院（三甲）皮肤科主任；她是40多岁看上去像20多少的护肤女神！首次开讲美肤课！'),(20,'谢丽君','https://open-image.nosdn.127.net/16c2a2178f85494fa6d42ac6eda7d626.png?imageView&thumbnail=200y200&quality=95','大小S、贾静雯等数百位明星的造型师、东方卫视前造型总监、CCTV等28家电视台形象顾问、电影《小时代》制片总监、担任100多部电视电影广告造型总监、第58、59届环球小姐执行长、新丝路模特大赛导师评委'),(21,'25位名校教授、学者','https://open-image.nosdn.127.net/4ef5edf39e1a47ddb55ef906c26ea829.jpg?imageView&thumbnail=200y200&quality=95','来自北大、浙大、社科院等25位名校教授及知名学者'),(22,'七芊','https://open-image.nosdn.127.net/235e6a0ccfa048c586ed02884fc4a982.jpg?imageView&thumbnail=200y200&quality=95','七芊毕业北漂，0资源0人脉；错过校招，面试100家企业；“选择方法论”让她拿到23个名企Offer；日语系毕业，跨专业进入新浪、搜狐、爱奇艺等顶尖互联网公司'),(23,'网易健康','https://open-image.nosdn.127.net/3866b9423bad46f8926dee65c5898176.jpg?imageView&thumbnail=200y200&quality=95','网易健康公开课，传播权威、专业、可靠的健康知识'),(24,'裴俊飞','https://open-image.nosdn.127.net/c4b4f815d8f84975ac6f1a29b3aa955f.jpg?imageView&thumbnail=200y200&quality=95','毕业于中央美术学院，多年少儿和成人一线教师。中央美术学院素描全国第1名，清华美院素描全国第1名。全国美术高校巡讲100场+，培训高中美术专业老师500人+。精于产品设计、师资培训、教学研发，非标领域的标准化教学'),(25,'星姐倬伦','https://open-image.nosdn.127.net/3f4de8e45e7247bf9815bb1a31455ab4.jpg?imageView&thumbnail=200y200&quality=95','倬伦北京大学心理学硕士商业与心理占星学者北京大学经营方略高级班讲师数位千亿资本投资人的“识人顾问”罗博文化创始人'),(26,'BoatRen','https://open-image.nosdn.127.net/01868adb6f6f475cac39320ce0eb9824.jpg?imageView&thumbnail=200y200&quality=95','微博人气摄影师图虫网资深摄影师  爱格 / 花火杂志合作摄影师多年人像摄影经验，擅长人像私房摄影'),(27,'杨健（留声）','https://open-image.nosdn.127.net/3a9b9bb3f25e40998b562e252386165b.jpg?imageView&thumbnail=200y200&quality=95','中央电视台配音员，播音主持与应用心理学双学士，表演硕士。原江南影视艺术学院教师、海南广播电视总台记者。'),(28,'国防大学教授--马骏','https://open-image.nosdn.127.net/8ad4621dec2f4640a16edae358740d7b.jpg?imageView&thumbnail=200y200&quality=95','马骏，国防大学教授，中国第二次世界大战史研究会副会长。马骏教授长期从事国内外军事思想的研究，是业内公认的大师。'),(29,'陈华伟 ','https://open-image.nosdn.127.net/f74f4d5d6b1f4d048e23d01679245499.jpg?imageView&thumbnail=200y200&quality=95','陈华伟中国&香港CPA[在行]学习领域第一行家终生学习领域创业者'),(30,'季益祥','https://open-image.nosdn.127.net/efc6d480ab1e40f791f31cedc5f7e363.jpeg?imageView&thumbnail=200y200&quality=95','浙江大学管理硕士，行动教练创始人，《行动教练实旨南》作者。就任于爱问（上海）管理咨询有限公司总裁，《培训》杂志常务理事，CSTD（中国人才发展社群）理事。拥有17年行动培训经验，与9年教练经验。'),(31,'William Carnahan','https://open-image.nosdn.127.net/b0756b8d910d4a059779f74664274e24.png?imageView&thumbnail=200y200&quality=95','VSO联合创始人，全美前10影视院校LUM毕业，2届潘娜维新摄影奖，2006年创办摄影机构，专业于婚礼的策划和拍摄，2013年创办Will Call Cinematic影视制作公司，为迪士尼、ESPN、Nike等企业拍摄广告、宣传短片、记录电影等。'),(32,'周思敏','https://open-image.nosdn.127.net/ee721cb8f7994164b5e181ccc5d963f0.jpg?imageView&thumbnail=200y200&quality=95','国际时尚礼仪教育专家，中国（香港）国际礼仪研究院院长，天津卫视《非你莫属》boss团明星职业导师'),(33,'网易公开课','https://open-image.nosdn.127.net/8b8e850c1d2547a290332574f7d7ebd1.png?imageView&thumbnail=200y200&quality=95','网易公开课'),(34,'林虹','https://open-image.nosdn.127.net/2884332cf84842f98ccdcee24e628fe4.png?imageView&thumbnail=200y200&quality=95','林虹:知名省级电台主持人，人际沟通和高情商说话资深导师。共计主持过17档不同类型节目和多场明星发布会。曾参演多部微电影和广告宣传片。'),(35,'柏燕谊','https://open-image.nosdn.127.net/7e3b462848a5417fb3621f87d38dff9b.jpg?imageView&thumbnail=200y200&quality=95','著名心理专家，精神分析治疗师，两性情感、亲子关系和职场心理畅销书作家；山东卫视《育儿大作战》江西卫视《金牌调解》央视《夜线》等14档节目特邀心理专家；《时尚芭莎》《婚姻与家庭》等15个专栏特邀作家；北京市婚姻家庭研究会常务理事副会长；中国科学院心理研究所硕士。'),(36,'讲师','https://open-image.nosdn.127.net/95966355cfaa4f6e8f13bb1499a9f6ec.png?imageView&thumbnail=200y200&quality=95','巴菲特的挚友——查理·芒格说，在他的一生中，他认识的各个领域的智者都在不停地阅读——没有不看书的智者。如果你问问那些令你钦佩不已的智者，他们的阅读量都大的惊人。'),(37,'田舍之','https://open-image.nosdn.127.net/86a8ef6e61f5425abf67bb83d1c5daa5.jpg?imageView&thumbnail=200y200&quality=95','中国书法家协会会员、国学教育专家、汉字文化专家、中国青少年传统文化教育研究院高级研究员，北京大学“家长教育与人才成长”课题组专家。'),(38,'雅雯','https://open-image.nosdn.127.net/d142c689ed4e43f7a93380044e85d60d.png?imageView&thumbnail=200y200&quality=95','极简学堂创办人极简思维课程体系研发者TTT专业培训师国家心理咨询师'),(39,'贺学友','https://open-image.nosdn.127.net/ab4c78c37a2344a489409286e55a186a.jpg?imageView&thumbnail=200y200&quality=95','贺学友，阿里巴巴中供铁军灵魂人物，创造了无数销售神话。入职阿里巴巴第二个月，拿下全球销售冠军、入职第三年拿下11个销售冠军，该纪录至今无人能破。和马云打赌挑战365万的销售业绩，最终超额完成630万。'),(40,'千贝美苑','https://open-image.nosdn.127.net/a446b1f3fd9841da99a80d92454aaebf.jpg?imageView&thumbnail=200y200&quality=95','千贝色彩创始人；邱邱；通过AICI美国国际形象顾问协会CIC考试，带领过30万人一起学习 完成过10000例个人形象测试。'),(41,'唐幼馨','https://open-image.nosdn.127.net/4da1616dec8a4443a4eb46e74b6a7697.jpg?imageView&thumbnail=200y200&quality=95','美国瑜伽联盟国际认证主教官，台湾瑜伽提斯协会会长，曾为蔡依林、林志玲等一线女星指导瑜伽的辣妈导师，曾为香奈儿、阿迪达斯等多个国际品牌品牌推广大使。'),(42,'陈伟鸿','https://open-image.nosdn.127.net/8a1b4e3a9b5046839a0125d6c79bb5f4.jpg?imageView&thumbnail=200y200&quality=95','陈伟鸿：中央电视台首席财经主播、《对话》栏目主持人。他是中国优秀的财经节目主持人，也是对话“大佬”最多的人。1000多位业界最具影响力的大佬成为他的座上宾。连续多年荣获中央电视台“十佳节目主持人”及“名主持人”；中国播音主持最高奖——金话筒奖获得者；两次金鹰奖最佳节目主持人奖。'),(43,'卢悦','https://open-image.nosdn.127.net/60e36a56dda24dc9b505956c839e5e2e.jpg?imageView&thumbnail=200y200&quality=95','卢悦，著名心理学专家，国家二级心理咨询师，中科院心理学专业出身的他，深耕心理学领域超过15年，有着超过10000小时的咨询时长，为3000多位孤独青年缓解社交之痛。曾担任中央电视台《为您服务》、凤凰卫视《一虎一席谈》特邀心理专家。'),(44,'胡佳威','https://open-image.nosdn.127.net/31e9c208326b47cb8db1150fcf669930.jpg?imageView&thumbnail=200y200&quality=95','胡佳威：保护豆豆儿童性教育老师，中国性学会青少年专委会成员，2015年哈佛社会创新种子班学员，知乎性教育专栏作者。拥有5年青少年性教育经历，3年儿童性教育创业经历。'),(45,'秦晖、吴思、张鸣、徐庆全、陈嘉映','https://open-image.nosdn.127.net/fa78ca1770c0424c8537fa4fef456922.jpg?imageView&thumbnail=200y200&quality=95','秦晖，时代少有的百科全书式的学者；吴思，创造的潜规则、血酬定律、官家主义已深入人心；张鸣，一位敢讲真话的倔强的知识分子；徐庆全， “一人顶一支部队”的研究者；陈嘉映，最可能接近哲学家称呼的人。'),(46,'刘主编','https://open-image.nosdn.127.net/cdf6bb01fa4847c19d6f8bd526aa9834.png?imageView&thumbnail=200y200&quality=95','毕业于清华大学经济管理学院，资深媒体人，曾就职于深圳卫视、中央人民广播电台、人民日报等多家媒体，2016年他读完了100本书，写出了五十多万字的文字。'),(47,'田艺苗','https://open-image.nosdn.127.net/5bc25b39a4d84610abefa27dd678a314.png?imageView&thumbnail=200y200&quality=95','田艺苗，音乐作家，上海音乐学院的“女神教授”，“穿T恤欣赏古典音乐”活动创立者。喜马拉雅FM销售破千万的主播，受到谭盾、郎朗、李健等专业人士推崇的“古典音乐教母”。'),(48,'柯跃海','https://open-image.nosdn.127.net/007440a725b749388bcf43595d292c97.png?imageView&thumbnail=200y200&quality=95','超级名师 | 命题专家6年高考数学命题经验&25年中学一线教学经验教育部国培项目“高中数学教师高端研修工作坊”导师教育部福建师范大学基础教育课程研究中心特聘专家'),(49,'王老师','https://open-image.nosdn.127.net/67d12c0844bd4cf29ddc61099894f122.png?imageView&thumbnail=200y200&quality=95','首席声音培训师，原辽宁广播电视台当家女主播，配音过电影007系列，线下培训过一万多声音学员，中国国际儿童动漫节专职配音，2017最首欢迎的付费课程讲师排名第五。'),(50,'爱优教育','https://open-image.nosdn.127.net/d36ffd46f7814ca4857cf6d4283c244c.jpg?imageView&thumbnail=200y200&quality=95','在线轻教育MCN，视频课程涵盖早教至初高中、考级、艺术教育及健康健身等，致力于做您身边最专业的在线教育伙伴。'),(51,'叶剑清','https://open-image.nosdn.127.net/ff077849727e442c943384c6702507ff.jpg?imageView&thumbnail=200y200&quality=95','叶剑清，中山大学化学院理学博士，曾先后任教于中山大学基础医学院和药学院、“理性护肤学堂”创始人。从2009年期在中山大学开设《美容与药物》课程，主要介绍护肤品的原理、选择和使用，帮助超过五千名同学走上科学护肤之路。开设个人微博、微信公众号以后，为数万人普及科学护肤知识。'),(52,'南瓜哥哥','https://open-image.nosdn.127.net/5ead78ae52234134b6f5f426c0b8f0f3.png?imageView&thumbnail=200y200&quality=95','少儿国学倡导者、心理咨询师'),(53,'丁一晨','https://open-image.nosdn.127.net/2219c872edee422d9e2a8d7ff0cdbe72.jpg?imageView&thumbnail=200y200&quality=95','丁一晨，著名漫画家，2011年2月，她在人人网以漫画形象丁小点为主角发表《开学了，又要过这种日子了》，之后丁小点形象深入人心。2011年12月，出版《好想回到小时候》，第一版次印刷便销售一空。里约奥运会之后，丁一晨手绘傅园慧表情包走红，变身美女漫画家“网红”。'),(54,'时燕','https://open-image.nosdn.127.net/2fdd96e27dd249e2ae40e76bb83af01e.jpg?imageView&thumbnail=200y200&quality=95','上海积家文化传播有限公司  总经理Smile社群营销模式  创始人 中国连锁品牌总裁联谊会  副会长千里马公益私董会  教练近20年零售和10年以上市场营销经验'),(55,'叶檀','https://open-image.nosdn.127.net/7ee5e5866c53477dbba5d2905184021e.jpg?imageView&thumbnail=200y200&quality=95','知名财经评论家、财经作家“叶檀财经”创始人、华鑫股份首席经济学家'),(56,'钱研社创始人- 张殚','https://open-image.nosdn.127.net/32aa0c6dc1214eec87fa6bb4375ecdf3.jpg?imageView&thumbnail=200y200&quality=95','钱研社创始人火眼投资基金合伙人；资深投资人，累计投资收益达200%；超人气投资教练，已有百万学员收益；“Wind全国银行理财师大赛”特聘专业导师。'),(57,'美的专业主义','https://open-image.nosdn.127.net/a6b631f847fc4c50abb986b14b6bc845.png?imageView&thumbnail=200y200&quality=95','提供关于审美和变美的专业意见'),(58,'北京大学生命科学学院教授——刘颖','https://open-image.nosdn.127.net/ca6522f761554f798dd1122dfe6f23b2.png?imageView&thumbnail=200y200&quality=95','刘颖老师曾在美国德克萨斯大学西南医学中心获得博士学位，并在哈佛大学医学院、麻省总医院从事博士后研究工作。现任北京大学分子医学研究所线粒体与代谢研究室主任、北大-清华生命科学联合中心研究员，是国家“青年千人”学者，29岁就成为北京大学的博士生导师。'),(59,'网易电音品牌放刺FEVER ','https://open-image.nosdn.127.net/b694e2c490ec4cb19f2904d564f07d74.jpg?imageView&thumbnail=200y200&quality=95','网易电音品牌“放刺FEVER”诞生于 2018 年，基于上海、专注中国、放眼全球，以线下活动、电音学院（线上课程&实体学校）、艺人经纪为核心，覆盖电音生态产业链 6 大业务板块，衍生出 360° 电音文化品牌，致力于为中国的电音爱好者们提供打破常规且独树一帜的电音体验。'),(60,'优米','https://open-image.nosdn.127.net/838d7c59f2f54751b74b588c55388523.jpg?imageView&thumbnail=200y200&quality=95','1. 柳传志—联想集团董事局名誉主席；2. 雷军—小米科技创始人；3. 李开复—创新工场董事长；4. 刘强东—京东集团董事局主席；5. 史玉柱—巨人网络集团董事长；6. 周鸿祎—奇虎360公司董事长；7. 冯仑—万通控股董事长；8. 徐小平 —真格基金创始人……'),(61,'马春树','https://open-image.nosdn.127.net/b26e8f5ee7994088894905b97caecc9b.jpg?imageView&thumbnail=200y200&quality=95','北京大学医学部 医学博士，美国加州大学Cedar-Sinai医学中心神经科学博士后，美国爱荷华大学(Iowa University)心理学博士后，美国催眠促进学院(HMI)临床催眠治疗师，中国科学院大学心理咨询中心催眠督导 。'),(62,'蜗牛学堂','https://open-image.nosdn.127.net/0b56e64e84fb4afbbe3d4a6e7fed1b5c.png?imageView&thumbnail=200y200&quality=95','蜗牛学堂专注于营销，由原《市场与销售》杂志北京团队创办，拥有强大的营销讲师团队。经过精心组织，形成正对于不同人群的营销课程。主要人群有管理、市场、运营、新媒体、销售等营销类人员。是百万营销人的学习殿堂'),(63,'苏苏','https://open-image.nosdn.127.net/06eff1c0bf79400f8a6af35f5043c6aa.png?imageView&thumbnail=200y200&quality=95','一线新闻报道记者女性安全领域权威专家知乎女性话题专栏作者知乎女性安全优秀回答者长期致力于女性健康与安全知识科普。先后供职于多家新闻报社和传媒公司。为新消息报、大连晚报等媒体供稿。'),(64,'舒畅','https://open-image.nosdn.127.net/c4b990326ea74483b93d162faf3e3b4a.jpg?imageView&thumbnail=200y200&quality=95','前麦肯锡、美世、西门子等公司高管，皓羿咨询的合伙人，在全球顶尖咨询公司从事战略和管理咨询、人才和领导力发展咨询和人力资源咨询工作了20多年，持有国际教练协会资格证书，并具有发展中国和全球高管的实战经验。'),(65,'陈曦','https://open-image.nosdn.127.net/dec621dd2e654e05a83c9b95d93d1952.jpg?imageView&thumbnail=200y200&quality=95','世界著名青年小提琴家，提倡用美学助力精神成长，擅长用音乐讲故事在20多年的艺术生涯中，陈曦老师发现音乐对于儿童心智，个人成长，家庭关系有巨大改善作用，并发展出一套用音乐讲述故事的理念。'),(66,'獴哥课堂','https://open-image.nosdn.127.net/bc4e28af7e04459cb9d4512bfcebda6b.png?imageView&thumbnail=200y200&quality=95','由原特种兵战狼格斗总教官领衔以儿童剧式授课方式为核心打造线上体验式儿童安全教育系列课程'),(67,'天体物理学家——张双南','https://open-image.nosdn.127.net/f58a49f2af9b48f9a8b1462b5bcdb77e.jpg?imageView&thumbnail=200y200&quality=95','担任中国天文学会副理事长、中国\'十一五\'空间科学规划主要专家和统稿人、中国载人航天工程921二期有效载荷空间天文分系统负责人等职务，并作为教育部长江特聘教授、科技部973项目\'黑洞以及其它致密天体物理的研究\'首席科学家，活跃在天体物理研究领域。'),(68,'陈明月','https://open-image.nosdn.127.net/0f6cef36c31d4ac0906736392b6dc053.jpg?imageView&thumbnail=200y200&quality=95','中国顶尖记忆大师、记忆力训练专家；尚忆教育及中国记忆力训练机构首席讲师；CCTV“挑战群英会”记忆挑战英雄；致力于记忆、速读、脑潜能开发以及心理学等领域研究；全国各地培训数千名学员，为多家公司进行内训'),(69,'朱磊','https://open-image.nosdn.127.net/f56b7670bf014b7fa9093c1d1e74b17c.jpg?imageView&thumbnail=200y200&quality=95','畅销书《会说话就是情商高》作者高级经济师中国政法大学公共管理硕士新疆ＥＭＢＡ企业家商会副会长“中国百强讲师”新疆6所大学客座教授'),(70,'苏清','https://open-image.nosdn.127.net/091a4b5ecfe64db4bdffc77682ef8e99.jpg?imageView&thumbnail=200y200&quality=95','常轻松管理咨询总裁,嘉展国际执行董事,联创世纪教育集团联合创始人,沃辰投资合伙人,企业持续盈利研究专家,长润发商学院名誉院长.创业期间从零开始，两年时间业绩过亿，成为行业知名品牌，是业界公认的理论实践派大师.'),(71,'张菁如','https://open-image.nosdn.127.net/fcf7cdb98a5842609c60e704bc738e66.jpg?imageView&thumbnail=200y200&quality=95','浙江卫视名人关系专家、杭城资深时尚媒体人、中国顶尖名媛社群《菁至》创始人。她策划导演的时尚盛典、社交酒会均能号召到全国范围的传媒、时尚、文化、艺术、商业等各领域的诸多名人前来站台，如浙江卫视一线主持人、艺人，中欧商学院精英企业家、风云浙商等，并获得百分百良好口碑反馈。'),(72,'陈药师','https://open-image.nosdn.127.net/bc39ad5471ff4fe0bee61411272f0224.jpg?imageView&thumbnail=200y200&quality=95','原名陈伟，『大观导师』《芭莎男士》资深专题编辑，中华能源协会日本研究所副主任，日本早稻田大学客座讲师，中欧商学院客座讲师。曾经策划并组织著名的“日本大图景”立体报道，从日本最北端，直到日本最南端，与出井伸之、稻盛和夫、原研哉等国际知名企业家和设计师面对面。'),(73,'王不烦','https://open-image.nosdn.127.net/20bcad7c6396459c8831c04d05c3101c.jpg?imageView&thumbnail=200y200&quality=95','今天好开心公司创始人兼CEO。10年HR经验，上市公司HR副总裁，年薪200万，单场培训费10万。《奇葩说》马东“职场B计划”首席顾问。人力资源管理博士，美国西北大学访问学者！'),(74,'郑匡宇','https://open-image.nosdn.127.net/3dd232a6bfff470085d4c0266739ba89.jpg?imageView&thumbnail=200y200&quality=95','在Facebook、网易、360等企业演讲、《天天向上》《我猜我猜我猜猜猜》重量级情感嘉宾的郑匡宇，他是全球华语圈知名“搭讪教主”。在说话表达上有十几年的专业积累，他将带你在职场、社交、情感上摆脱“不会说话”“情商低”的标签，让你成为魅力四射的高手！'),(75,'霍文祥','https://open-image.nosdn.127.net/0f74f741f82e4a6190b7b12e0076b990.jpg?imageView&thumbnail=200y200&quality=95','讲师霍文祥：著名书法家，当代瘦金体扛鼎之人，字曰签约讲师。自幼学习书法，入法欧阳询九成宫，后又涉猎柳颜赵米王等诸家。自20年前痴迷于瘦金书的研习并坚持至今。'),(76,'李慧玲','https://open-image.nosdn.127.net/52e75f82d9d64685818aa97d770bc8ba.jpg?imageView&thumbnail=200y200&quality=95','李慧玲 Paris那理学院创始人兼 CEO10 年媒体经验北京电视台、湖南卫视主持人、制片人零背景北漂 跨地域 跨领域迅速搭建人脉圈 拥有海量人脉资源'),(77,'姬广亮','https://open-image.nosdn.127.net/e596176cf86e470e9d2831ee2baf6871.jpg?imageView&thumbnail=200y200&quality=95','世界记忆纪录保持者 、中国思维导图普及工程发起人 、英国官方思维导图认证导师（TBLI）'),(78,'林韵（正经婶儿）','https://open-image.nosdn.127.net/eb2f062881a44a308db831b080cb6581.png?imageView&thumbnail=200y200&quality=95','文科女博士，业余写作。微信人气作者，豆瓣读书签约作者。立场坚定，文笔犀利；幽默风趣，又自带一纸温情。乐于推进女性自我觉醒。'),(79,'八二老师','https://open-image.nosdn.127.net/c8385b57443744fd9b8806140ef0ea9a.jpg?imageView&thumbnail=200y200&quality=95','主讲人——胡八二。华中科技大学硕士，从教6年，前新东方优秀教师，2016财年全国教师技能大赛华中区季军，新浪教育认证自媒体人。'),(80,'网易电音品牌放刺FEVER ','https://open-image.nosdn.127.net/8a9225b1499b47e79e8156c84d86b7bb.jpg?imageView&thumbnail=200y200&quality=95','网易电音品牌“放刺FEVER”诞生于 2018 年，基于上海、专注中国、放眼全球，以线下活动、电音学院（线上课程&实体学校）、艺人经纪为核心，覆盖电音生态产业链 6 大业务板块，衍生出 360° 电音文化品牌，致力于为中国的电音爱好者们提供打破常规且独树一帜的电音体验。'),(81,'Terry','https://open-image.nosdn.127.net/95cfa83f77fa41f7b70f48474f20b810.jpg?imageView&thumbnail=200y200&quality=95','『大观 · 故事导师』毕业于台湾世新大学传播学系 是拥有39年登台演讲经验、20年老师经验、17年总经理经验的“故事叔” 在《我是演说家》、《超级演说家》、《职来职往》、凤凰卫视《中华小姐》等节目中担任嘉宾、导师 同时是2个孩子的爸爸'),(82,'张文静','https://open-image.nosdn.127.net/e3e6c29c1e66482690b2ba629cb1c976.png?imageView&thumbnail=200y200&quality=95','资深心理咨询师体验之路高级沙箱游戏师知更社区专栏作家'),(83,'于赓哲','https://open-image.nosdn.127.net/47af8d440f734483bafb3258eae7e2ff.jpg?imageView&thumbnail=200y200&quality=95','于赓哲，陕西师大历史文化学院教授、博士生导师、百家讲坛主讲嘉宾。目前从事隋唐史的教学、研究。出版有《大唐英雄传》、《隋唐人的日常生活》、《狄仁杰真相》、《她世纪：隋唐的那些女性》等历史类畅销书籍。擅长将历史与现实结合，严谨不失幽默，轻松不乏深刻，深受学生喜爱。'),(84,'小叶老师','https://open-image.nosdn.127.net/5a7c05cbb82a4264853237cdbec06056.jpg?imageView&thumbnail=200y200&quality=95','辽宁师范大学副教授，牛朋联合创始人，Future9总策划'),(85,'储殷','https://open-image.nosdn.127.net/25d4be39ef9146f0bc9bbbb5cd44a2f3.jpg?imageView&thumbnail=200y200&quality=95','中国人民大学法学博士，国际关系学院副教授。中国与全球化智库研究员，“一带一路”研究所副所长。《凤凰评论》、《中国青年报》等多家媒体专栏作家，多次接受《江苏卫视》、《浙江卫视》等多家电视广播媒体的采访，担任特约评论员。'),(86,'唐海程','https://open-image.nosdn.127.net/42609f04fdbc426ba1af6396e951b2e7.jpg?imageView&thumbnail=200y200&quality=95','乐纯战略业务伙伴，骑行川藏线2300公里的户外领队，料理、手绘、健身的多面手，生活超规律的“老中医”'),(87,'Wake','https://open-image.nosdn.127.net/ff3a94c44b094c26960efd097794a076.png?imageView&thumbnail=200y200&quality=95','Wake,是明星刘涛最喜爱的瑜伽生活品牌。倡导“瑜伽改变生活”理念，为当今社会追求高品质身心灵生活方式的女性，提供一种全新的瑜伽高品质生活方式。'),(88,'树獭先生','https://open-image.nosdn.127.net/484df15463e0457e85c6fd8eb017799e.jpeg?imageView&thumbnail=200y200&quality=95','树獭先生，百万人气写作课讲师，独树文化公司创始人，《趁早把生活折腾得与众不同》作者。'),(89,'迷罗','https://open-image.nosdn.127.net/9e07ccfb53d6404c8ea998c5e74a11d2.jpg?imageView&thumbnail=200y200&quality=95','京城最帅的瑜伽师，央视、北京卫视、湖南卫视等最受欢迎的养生专家为你传授“气色好、不衰老、不发胖”的调养秘籍，11节视频课，经络/瑜伽/饮食/古方，让你轻松成为气血充盈的健康美人，40岁也能看上去像20岁！'),(90,'李婷Kris','https://open-image.nosdn.127.net/373152fb57cc4daaa2f89e9979a0927c.jpg?imageView&thumbnail=200y200&quality=95','思创客品牌咨询创始人兼CEO“品牌系统五力模型”发起者江湖人称“品牌女王克里斯”'),(91,'雅雯','https://open-image.nosdn.127.net/774d75629f1e4187943b35bd1bf2e81a.png?imageView&thumbnail=200y200&quality=95','极简学堂创办人，极简思维课程体系研发人，发展与教育心理学硕士，TTT职业培训师，国家心理咨询师'),(92,'王胤博','https://open-image.nosdn.127.net/bafd0750731141b1960fb2b72fed02f7.jpg?imageView&thumbnail=200y200&quality=95','2017年通过博雅计划，现北京大学信息科学技术学院2017级本科生。高考总分670，数学139。'),(93,'邱正宏|大小S瘦身顾问','https://open-image.nosdn.127.net/41bb0b4fa4214b89a2a71a2841d1487a.jpg?imageView&thumbnail=200y200&quality=95','知名瘦身医师，大S、小S、陶晶莹、张小燕等明星追捧的瘦身顾问'),(94,'任志强','https://open-image.nosdn.127.net/1f325f4091f643abb8d250dd67ac3aa1.png?imageView&thumbnail=200y200&quality=95','任志强：北京市华远地产股份有限公司原董事长 阿拉善SEE生态协会第五任会长。他是叱咤风云的商界奇才，也是企业圈最会读书的人。40年来，他坚持每天读书6万字，博览群书，被张维迎称为“经济学素养最高的企业家”。'),(95,'任志强','https://open-image.nosdn.127.net/0c9b4ea0089d400b8694064f064d6b0e.png?imageView&thumbnail=200y200&quality=95','任志强：北京市华远地产股份有限公司原董事长 阿拉善SEE生态协会第五任会长。他是叱咤风云的商界奇才，也是企业圈最会读书的人。40年来，他坚持每天读书6万字，博览群书，被张维迎称为“经济学素养最高的企业家”'),(96,'露十七','https://open-image.nosdn.127.net/b031974a0c9f4df7af37e8bc23d005c2.jpg?imageView&thumbnail=200y200&quality=95','露十七：90年的一直暖心励志天蝎座。毕业于中国传媒大学，兼修法语和传播学。畅销书《你敢不敢玩命去生活》作者。'),(97,'曹德季','https://open-image.nosdn.127.net/d62b818ea9184230abe27126c06712f4.png?imageView&thumbnail=200y200&quality=95','简明项目管理实战应用专家日事清联合创始人兼产品总监为多家企业提供项目管理咨询以及企业内训服务'),(98,'陈敏琪','https://open-image.nosdn.127.net/0b8483a0f61c4cacb4b9a57dbd8f9cd3.png?imageView&thumbnail=200y200&quality=95','陈敏琪，钛网校首席动漫讲师，丹尼动画高级动画师，从事动画设计、原画制作十六余年，参与日本studio DEEN动画公司历年来的动画片制作。熟悉动漫人物的设计，构图，动漫画故事创作，漫画单幅长篇的故事分镜，动漫CG的上色技法，擅长手绘黑白稿彩铅稿和电脑CG稿。'),(99,'杜映梅','https://open-image.nosdn.127.net/ce30ae58fc374b5ba99f7d247cf9c4b4.png?imageView&thumbnail=200y200&quality=95','美国康奈尔大学管理学博士，资深人力资源实战专家，国际高级人力资源管理师IPMA-CP注册讲师，复旦大学、同济大学MBA、EMBA授课专家，中国人力资源开发研究会常务理事，为GE、宝马、汇丰银行、花旗银行等多家跨国公司全球高管开办领导力、九型人格工作坊。'),(100,'崔璀','https://open-image.nosdn.127.net/65fb013202344c6da2480e2b0303e6a0.jpg?imageView&thumbnail=200y200&quality=95','头头是道最年轻董事，曾任上市公司蓝狮子COO，吴晓波投资合伙人，国内女性自媒体Momself的创始人。'),(101,'戴亚楠','https://open-image.nosdn.127.net/bc1893db6fab47e79b0b7469c530bf0f.jpg?imageView&thumbnail=200y200&quality=95','家庭美育专家美育启蒙畅销书《生命合伙人——美育从妈妈开始》作者。第一次系统性提出适合中国家庭的美育启蒙和实践路径，被誉为家庭美育第一人。'),(102,'四月','https://open-image.nosdn.127.net/68bfb03fa9e541e28ff339c849235328.jpg?imageView&thumbnail=200y200&quality=95','四月北大心理研究中心医师，NLP执行师，专注情感与心理咨询领域8年国家二级心理咨询师，咨询案例3000+，活跃于各大媒体和企业进行心理讲授第一位针对中国女性实际情况，开创体系性恋爱提升课程的心理学者，全网课程播放量100w+'),(103,'新世相读书会','https://open-image.nosdn.127.net/69e5a2eace0e44a2b101d92044eae299.jpg?imageView&thumbnail=200y200&quality=95','「新世相读书会」是一个以精讲、听书为基础的知识服务平台，让你用碎片化的时间持续学习。'),(104,'马昌博 视知传媒创始人兼CEO','https://open-image.nosdn.127.net/115dd30d55274e6eb8b23b8e80209951.jpg?imageView&thumbnail=200y200&quality=95','视知TV，中国知识短视频领域公认第一品牌，以“知识可视化翻译”为手段，建立了庞大的知识短视频矩阵。全网拥有2000万粉丝，每月播放量超10亿。 '),(105,'冯 涛','https://open-image.nosdn.127.net/b7fbecb000a5422a9650426ac3859022.png?imageView&thumbnail=200y200&quality=95','薪酬设计“6+1”模式创始人，中国人力资源开发研究会特聘专家，北大、清华、中山、武汉大学等知名商学院MBA授课讲师'),(106,'潘玥','https://open-image.nosdn.127.net/ee2f656f026841a4888ef72c68dd6da4.png?imageView&thumbnail=200y200&quality=95','凤凰卫视国际时政新闻记者、主持人兼制片人；知乎传播学讲师、新知青年大会主持人；2018年中国女性领导力论坛演讲嘉宾。'),(107,'路上读书','https://open-image.nosdn.127.net/92462af7d63244728a2f72d09a966120.png?imageView&thumbnail=200y200&quality=95','全球名校博士精读讲书，30分钟汲取一本好书精华。'),(108,'小爱','https://open-image.nosdn.127.net/d01a4fd31589415faaf34989f7ad6af1.JPG?imageView&thumbnail=200y200&quality=95','电影从业者知名独立影评人'),(109,'郭景娜','https://open-image.nosdn.127.net/f76eec77b2374116ab129e8431cf2322.jpg?imageView&thumbnail=200y200&quality=95','北京市京翰律师事务所高级合伙人，北京市京翰（太原）律师事务所合伙人、副主任。中国民主促进会会员，民主促进会迎泽区综合支部副主任。太原市女企业家协会会员、太原市女企业家协会维权中心律师。国家二级心理咨询师，中国财富传承管理师联盟会员。'),(110,'樊登','https://open-image.nosdn.127.net/55f7364352964e47a24c3e6698935cbd.jpg?imageView&thumbnail=200y200&quality=95','樊登，樊登读书的发起人，前央视节目主持人，倡导“全民阅读”的先行者，旨在为3亿国人打造有用的知识平台。'),(111,'唐幼馨','https://open-image.nosdn.127.net/b4483ca313f54718be95c8d4aaf3556a.jpg?imageView&thumbnail=200y200&quality=95','唐幼馨老师：明星瑜伽教练/瑜伽提斯创始人。林志玲、小 S、蔡依林等一线女星瑜伽老师。首位登上美国时代广场大屏幕的中国瑜伽老师。美国瑜伽联盟国际认证主教官。adidas 签约推广大使与 Channel、Adidas、SK-II 等近百个国内外品牌保持合作关系。'),(112,'黄东','https://open-image.nosdn.127.net/b16aeaf53dd344ee94956824463de26d.jpg?imageView&thumbnail=200y200&quality=95','黄东：25年国学研究经验，中国政法大学硕士生导师、历史学博士学位，北京市企业文化研究所特约研究员，承担研究中国文化和近代国家转型等省部级课题，各大机构主讲《中国传统文化与管理》《国史大纲导读》等课程，《环球时报》《青年参考》、新浪网、搜狐网特约撰稿人，'),(113,'刘主编、正经婶儿、改天、源子','https://open-image.nosdn.127.net/85473b22290a4cd4997f06f02669c714.jpg?imageView&thumbnail=200y200&quality=95','刘主编：现专注写作培训创办主编课堂，累计培养学员超10万人正经婶儿：公众号「正经婶儿」创始人和运营者，1年之内积攒粉丝12万源子：  北京电影学院编剧进修，多次在简书、豆瓣、犀牛进行故事创作。改天：起点、纵横、掌阅的签约作者，总字数超过五百万字。'),(114,'陈敏琪','https://open-image.nosdn.127.net/fa4b43d4bf944308a11ec7de597ed6ff.png?imageView&thumbnail=200y200&quality=95','陈敏琪，钛网校首席动漫讲师，丹尼动画高级动画师，从事动画设计、原画制作十六余年，参与日本studio DEEN动画公司历年来的动画片制作。熟悉动漫人物的设计，构图，动漫画故事创作，漫画单幅长篇的故事分镜，动漫CG的上色技法，擅长手绘黑白稿彩铅稿和电脑CG稿。'),(115,'珊珊','https://open-image.nosdn.127.net/48a6ede28a87474e92ee8f1031c757ac.png?imageView&thumbnail=200y200&quality=95','钛网校签约首席绘画讲师、培训总监，D&T画廊执行艺术总监和苏州电视台长期合作拍摄绘画教育片：《宝贝TV秀》《苏大神童》擅长素描、手绘、漫画、儿童画等，教学风格清新可爱，素有甜美教主之称。'),(116,'佟海宝','https://open-image.nosdn.127.net/46b644a509204986b74665e07dddf44f.png?imageView&thumbnail=200y200&quality=95','抖音视频原创作者。公众号【卷毛佟】创办者，7年市场营销，新媒体营销经验。2018年3月入驻抖音，3个月增粉300万，手机摄影教程视频播放量超过1.6亿次。中国移动，微软中国，龙湖集团，360，国家电网等500强公司线下课程培训讲师'),(117,'姚琼','https://open-image.nosdn.127.net/6bd35b879c1848cc9eba64ed2a246ab6.jpg?imageView&thumbnail=200y200&quality=95','人力资源绩效专家，OKR培训咨询辅导教练，国内首位倡导企业引进与运用OKR的讲师，唯一一位获得美国人力资源协会OKR课程授证讲师。姚老师曾先后担任微软大中华区培训经理，英特尔渠道销售项目培训师，美国纳斯达克上市公司大中华区人事总监，欧洲世界500强人力资源总监及企业大学讲师。'),(118,'徐悦佳','https://open-image.nosdn.127.net/e2d859557d5c4ecb93c0c58911fc1177.jpg?imageView&thumbnail=200y200&quality=95','世界五百强企业及朋友圈资深营销专家原腾讯资深BD经理、原百胜中国营销总监国内电子商务指定认证教材专家及作者原十大公募基金互联网营销总监在行营销家、高级师，长期从事并熟悉互联网、 地产、金融、电商、O2O 行业今日头条千万+阅读作者、百万粉丝公众号操盘手 '),(119,'鲁林希','https://open-image.nosdn.127.net/95f8a6894bb8405c984c6cf23019c965.png?imageView&thumbnail=200y200&quality=95','哈佛大学人类发展与心理学硕士、哈佛中国教育论坛《EDStory》负责人'),(120,'胡佳威','https://open-image.nosdn.127.net/fb5e6604e4b0400aadccc01698dd63df.jpg?imageView&thumbnail=200y200&quality=95','胡佳威：保护豆豆儿童性教育老师，中国性学会青少年专委会成员，2015年哈佛社会创新种子班学员，知乎性教育专栏作者。拥有5年青少年性教育经历，3年儿童性教育创业经历。'),(121,'梁惠王','https://open-image.nosdn.127.net/e86ce8c4ab8743a1b437fa69333d4cd7.jpg?imageView&thumbnail=200y200&quality=95','史杰鹏，笔名“梁惠王”。文学博士、作家。先后师承著名古文字学家李家浩、著名语言学家王宁，专攻古文字学、训诂学、先秦两汉文献学。现为东京大学东洋文化研究所访问学者。'),(122,'网易电音品牌放刺FEVER ','https://open-image.nosdn.127.net/428de70d09084e9f9225df4a27890d99.jpg?imageView&thumbnail=200y200&quality=95','网易电音品牌“放刺FEVER”诞生于 2018 年，基于上海、专注中国、放眼全球，以线下活动、电音学院（线上课程&实体学校）、艺人经纪为核心，覆盖电音生态产业链 6 大业务板块，衍生出 360° 电音文化品牌，致力于为中国的电音爱好者们提供打破常规且独树一帜的电音体验。'),(123,'网易电音品牌放刺FEVER ','https://open-image.nosdn.127.net/24b58860e87b48bc99f79e59f93904bf.jpg?imageView&thumbnail=200y200&quality=95','网易电音品牌“放刺FEVER”诞生于 2018 年，基于上海、专注中国、放眼全球，以线下活动、电音学院（线上课程&实体学校）、艺人经纪为核心，覆盖电音生态产业链 6 大业务板块，衍生出 360° 电音文化品牌，致力于为中国的电音爱好者们提供打破常规且独树一帜的电音体验。'),(124,'林小白','https://open-image.nosdn.127.net/d6845525cccc4da5b33db7c473738826.jpg?imageView&thumbnail=200y200&quality=95','齐鲁壹点专栏作者、译者多平台认证讲师'),(125,'Philip.Ebiner','https://open-image.nosdn.127.net/6493717d4add491bb71ef05f1cab655b.jpg?imageView&thumbnail=200y200&quality=95','Video School Online创始人·全球超过50万学生·全美前10影视院校毕业·在瑞士、德国、墨西哥、印度参与纪录片拍摄·关注微博/公众号：美国VSO，获取更多服务'),(126,'大姚老师','https://open-image.nosdn.127.net/5fcee220f9ed4d05b8c2396267dceb15.jpeg?imageView&thumbnail=200y200&quality=95','现任北京某央企董办秘书，中文系出身，在《南方都市报》跑过突发新闻、写过专题，长达五年的办公室、文秘工作让他摸清了公文写作的条条框框、门门道道，经验丰富，而且对公文写作有着一套独特的见解。'),(127,'叶剑清','https://open-image.nosdn.127.net/8d1c67ea30904296b430897c86d70147.png?imageView&thumbnail=200y200&quality=95','叶剑清，中山大学化学院理学博士，曾先后任教于中山大学基础医学院和药学院、\'理性护肤学堂\'创始人。从2009年期在中山大学开设《美容与药物》课程，主要介绍护肤品的原理、选择和使用，帮助超过五千名同学走上科学护肤之路。开设个人微博、微信公众号以后，为数万人普及科学护肤知识。'),(128,'霍文祥','https://open-image.nosdn.127.net/74723878ba2e43d8bd588afd78b9116f.jpg?imageView&thumbnail=200y200','讲师霍文祥：著名书法家，当代瘦金体扛鼎之人，字曰签约讲师。自幼学习书法，入法欧阳询九成宫，后又涉猎柳颜赵米王等诸家。自20年前痴迷于瘦金书的研习并坚持至今。'),(129,'黄启团','https://open-image.nosdn.127.net/1203618ff996457a8cbf264be99d862f.jpg?imageView&thumbnail=200y200&quality=95','黄启团导师，壹心理联合创始人，多家心理机构天使投资人，智慧行创办人，专注于应用心理领域21年,培育了500位心理学导师，著有《只因目中无人》。在线课程曾创造破万人同时听课的记录，是国际NLP学院（IANLP）授证 NLP导师、萨提亚家族治疗师、中国企业家联合会授证管理咨询师。'),(130,'田珂','https://open-image.nosdn.127.net/b82b96cb81834b51966faf9a9f02d978.jpg?imageView&thumbnail=200y200&quality=95','NAFC美国国家健康认证协会的营养教练/中国保健协会减肥分会体重管理师/营养体态领域传播第一人/狐狸体态创始人截至目前已经帮助32582人成功健康瘦身'),(131,'刘主编','https://open-image.nosdn.127.net/226682caef394134931cd39f22e11c45.jpg?imageView&thumbnail=200y200&quality=95','刘主编，资深媒体人，厦门大学、清华大学双硕士的学霸；他的线上阅读写作课程报名人数破10万，采访登上了航机杂志，线下的读书会一票难求。曾经写出阅读量过亿的文章《教养就是让人舒服》等，已教授学员超过15万人，学院有6人签约出版社，2人签约爱奇艺。'),(132,'生菜学院','https://open-image.nosdn.127.net/0de90da0121d4018a3cc9d9b5aaf4e28.jpg?imageView&thumbnail=200y200&quality=95','导演黄仲瑜，来自台湾 台北艺术大学电影与新媒体艺术硕士（MFA）曾在台北艺术大学，台湾交通大学，东海大学担任过电影工作坊讲师多年。作品参与过台北电影节，高雄电影节，台北数位艺术节等奖项 影像艺术作品由台湾美术馆永久典藏。除了个人创作外也拍摄LV时尚片等商业广告案。'),(133,'蚂蚁','https://open-image.nosdn.127.net/33e08147651a4ed39e819b0aa4493fbd.jpg?imageView&thumbnail=200y200&quality=95','《好好工作》作者；成长导师，百万人气讲师，自律达人，理财达人；思维导图实践者，用思维导图解决一切用脑问题；使用思维导图工作，两年内从普通员工升职为总监；使用思维导图写作，每天一篇原创文章，半年出版书籍；使用思维学习理财，每年保持10%左右的收益；'),(134,'孙伟','https://open-image.nosdn.127.net/34fcd7adc1a44ae1825794631430d7aa.png?imageView&thumbnail=200y200&quality=95','孙伟博士：北京大学第六医院睡眠医学科副主任医师，14年临床实践，医治10万+失眠患者'),(135,'筝小钱','https://open-image.nosdn.127.net/17855ca3c2024fe0890b883f8cc9efe6.jpg?imageView&thumbnail=200y200&quality=95','筝小钱：“合并同类项”阅读法提出者，阅读游戏模型设计者。擅长将艰涩难懂的理论串连成生动有趣的具体故事，让你在轻松愉快的氛围中提升自我。'),(136,'网易新闻学院','https://open-image.nosdn.127.net/360a625737a84c7687a0a52262d45919.jpg?imageView&thumbnail=200y200&quality=95','青媒计划是网易新闻学院官方主办的大学生自媒体公益培训计划，为高校学生提供零距离接触新媒体行业大咖并参与新媒体实践的机会。青媒计划整合网易内部和传媒业界优势资源，结合新媒体实战训练，帮助大学生开展优质内容创作方法的深度学习。'),(137,'母婴类大V-蜜桃姐姐','https://open-image.nosdn.127.net/6fd3cfc983384db3a8aef2c4e853bdf7.jpg?imageView&thumbnail=200y200&quality=95','蜜桃姐姐，英汉双语播音专业，有着10年的电台主持经验，母婴类大V，拥有众多家庭粉，宝宝、宝妈、宝爸都喜欢，同时蜜桃姐姐也是浙江省教育厅校园安全形象大使。'),(138,'李忠秋','https://open-image.nosdn.127.net/8f9eae04e05d4b13981732fedbeb7415.jpg?imageView&thumbnail=200y200&quality=95','结构思考力学院创始人 首席讲师北京思考力管理咨询有限公司总裁著《结构思考力》、《透过结构看世界》'),(139,'SNH48时尚导师--杨扬','https://open-image.nosdn.127.net/0d5ade9337a04db086a6ccd0e77dd073.jpg?imageView&thumbnail=200y200&quality=95','《米娜》杂志主编，资深媒体人；时尚媒体从业15年，自《米娜》杂志创刊担任主编至今，带领团队令mina成为最受欢迎，销量最大的时尚杂志之一；SNH48时尚导师，inovi community 创始人，时尚品牌lindomono创始人。'),(140,'松松白白','https://open-image.nosdn.127.net/89840ac8a91e4cbda6d0cbc467c662e5.jpg?imageView&thumbnail=200y200&quality=95','松松白白（托福、雅思高分传奇）研习本专题的学生在托福考试作文部分获得27分（满分30分）的比率超过85%。尤其擅长英语阅读，写作，长难句等领域，注重理论结合实践，贯彻因势利导、因材施教、学以致用的教学方针，授课从学生思角度出发，考点深入分析，讲解清晰，提分显著有效。'),(141,'陈禹安','https://open-image.nosdn.127.net/ee92f1eb3b4847d0bff08a6a26216104.jpg?imageView&thumbnail=200y200&quality=95','陈禹安北京大学创业训练营导师，知名心理管理学家'),(142,'钱晟','https://open-image.nosdn.127.net/d16ab4cb32bb422a9e2537fb1368a0ba.jpg?imageView&thumbnail=200y200&quality=95','瘦腿、纤臂、瘦腰腹、翘臀、丰胸、美背，每天4个动作，坚持一周效果看得见！'),(143,'Philip.Ebiner','https://open-image.nosdn.127.net/e9acc83b211646329ff851b02f43a62c.jpg?imageView&thumbnail=200y200&quality=95','Video School Online创始人·全球超过60万学生·海外专家级摄影影视课程讲师·关注微博/公众号：美国VSO，获取更多服务'),(144,'个人发展学会','https://open-image.nosdn.127.net/0f854ad468a54077a32d5d6734eee442.png?imageView&thumbnail=200y200&quality=95','合生载物是在知识付费的趋势下，立足于“大职场”领域，聚焦大学生及初入职场人群，生产个人成长相关的自制优质内容，打造自有IP，为知识IP系统规划内容定位及开发路线，进行包括音频节目、图书、在线培训、视频等产品形态在内的多维度产品开发，全方位实现内容价值最大化。'),(145,'曹星原','https://open-image.nosdn.127.net/568ae6105b7a48d08853cbc68c1f516a.jpg?imageView&thumbnail=200y200&quality=95','曹星原，全球公认的顶级美术史专家，毕业于中央美院美术史专业, 获得斯坦福大学美术史博士学位，任普林斯顿高等研究院历史所研究员，也曾执教于加拿大不列颠哥伦比亚大学(UBC)美术史系，研究中外美术史将近50年。'),(146,'美美老师','https://open-image.nosdn.127.net/f3475e30bc2149989d80ecd267fad2bb.png?imageView&thumbnail=200y200&quality=95','美美老师英语专业八级，六年教学经验。擅长教授口语课程、新概念课程。美美老师的课堂气氛活跃，极具亲和力，能很快赢得学生和家长的信任和喜欢。坚信专业的才是最好的，能够让学生迅速的掌握所学知识，并且爱上学习英语。'),(147,'文熠','https://open-image.nosdn.127.net/1f319fa600bd4001ae73006feb233604.jpg?imageView&thumbnail=200y200&quality=95','管理学硕士&心理学研究生，港股上市集团HRD，辅导出数十位年薪百万以上学员。超过20年职业发展研究，辅导出数十位年薪百万以上学员。用人力资源的专业视角，洞察职业群体；用集团高管的战略视角，沉淀管理心得；用职场奋斗者的体验，梳理实战经验。'),(148,'程驿','https://open-image.nosdn.127.net/aca1b466793e4ac5bbfb539e1bacf180.jpeg?imageView&thumbnail=200y200&quality=95','简书签约作者、掌阅王牌讲师；世界五百强咨询公司数据分析师；BAT大厂特邀培训师；新书《认知颠覆》即将面市'),(149,'Andrew Shewbart 唐威廉','https://open-image.nosdn.127.net/04cef765e2be4aeb8e0a63e3e5103ef3.jpg?imageView&thumbnail=200y200&quality=95','CCTV《爱拼才会赢》英语总顾问、爱乐奇执行副总裁与董事、范德堡大学学士学位、英国约克大学儿童英语教育文学硕士学位、哥伦比亚大学认证的TEFL-C(儿童美语师)、现担任TEFL-C考官和教材编写者之一、迪士尼英语首位英语教学总监'),(150,'杨泽南','https://open-image.nosdn.127.net/0004a2ff07aa400f804911e3bae11cca.jpeg?imageView&thumbnail=200y200&quality=95','青年书法达人，字约签约讲师，酷爱书法及传统文化，有丰富的一线教学经验。软硬兼修，尤其喜欢硬笔习帖，数年来一直坚持临写名家古帖，博采众长为其所用。'),(151,'中国政法大学团队','https://open-image.nosdn.127.net/a4c2faa059bf40a3b663ea85d34b7ae2.png?imageView&thumbnail=200y200&quality=95','一支毕业于国内一流大学中国政法大学的优秀硕博团队，以他们的专业与经验视角，为用户提供趣味横生且通俗易懂的金融与财经的领悟和解读，其中不乏最新的行业观察，为用户奠基财商基础的同时，又带领用户开拓最新的世界视野。中国政法大学商学院院长刘纪鹏等学术和企业权威都鼎力推荐。'),(152,'Philip.Ebiner','https://open-image.nosdn.127.net/3d2bbbcd90ce4536a43a070bda9c2120.jpg?imageView&thumbnail=200y200','Video School Online创始人·全球超过50万学生·美国伯克利加州大学媒体中心授课·关注微博/公众号:【美国VSO】获取更多服务'),(153,'丫丫','https://open-image.nosdn.127.net/553a6df51edd4e269b29ac4a26538875.JPG?imageView&thumbnail=200y200&quality=95','手工客签约导师专职插画创作师毕业于湖南理工学院服装设计专业2015年开始成为手工客讲师2016年获得手工客年度十佳讲师2017年与出版社合作绘制小说封面绘画风格具有个人特色，擅长古风水彩、清新唯美治愈风格。'),(154,'程浩','https://open-image.nosdn.127.net/a915319f81e548dfbd189d288a681dfd.jpg?imageView&thumbnail=200y200&quality=95','程浩，迅雷创始人，远望资本创始合伙人，国内互联网创业和人工智能领域的资深专家、知名投资人。程浩是中国互联网最早的开拓者之一，曾在硅谷从事技术工作，后回国加入初创期的百度。2002年决定辞去高薪工作创业，随即创办了迅雷，并于2014年成功带领迅雷在美国纳斯达克上市。'),(155,'陈明月','https://open-image.nosdn.127.net/be1e1c7d8d1247b88a153343eb4af734.jpg?imageView&thumbnail=200y200&quality=95','中国顶尖记忆大师、记忆力训练专家；尚忆教育及中国记忆力训练机构首席讲师；CCTV“挑战群英会”记忆挑战英雄；致力于记忆、速读、脑潜能开发以及心理学等领域研究；全国各地培训数千名学员，为多家公司进行内训'),(156,'阿秋','https://open-image.nosdn.127.net/9dc21f0b6e094579b839ab9fbd826f48.jpg?imageView&thumbnail=200y200&quality=95','输出力学院创始人，国际培训师协会IPTA认证培训师；创新教育实践者，拥有超过10000小时的授课经验；国家认证职业生涯规划师及新精英授权企业生涯培训师；DISC性格测试咨询师&讲师；学习方法文章被清华南都、领英等多家平台转载，阅读量破百万'),(157,'维小维','https://open-image.nosdn.127.net/13f7db52beb64756b76abd735ce55179.jpg?imageView&thumbnail=200y200&quality=95','集结互联网公司首席财务官，曾任四大会计师事务所、宝洁、网易等名企管理层维小维老师理财精华，从零基础到直接上手的聪明理财投资方法，让你的财富多出1到7倍'),(158,'王鹏鹏','https://open-image.nosdn.127.net/10b7ebf9155142cda095dd807326bcb2.jpg?imageView&thumbnail=200y200&quality=95','泼辣修图专家顾问知乎手机摄影活跃答主嗨摄会手机摄影社群创办人思锐手机镜头品牌合作摄影师2017京东摄影金像奖等知名手机摄影大赛获奖者撰写的手机摄影文章先后被蜂鸟网，摄影世界，500px等官网转载，单篇手机摄影文章阅读量超过60万'),(159,'然然','https://open-image.nosdn.127.net/664361a5f428496988e2771006849e07.jpg?imageView&thumbnail=200y200&quality=95','然然造型美学创始人 环球旅拍指定首席化妆师前韩国印爱化妆总监2018年苏州美动亚洲新势力化妆大赛副秘书长 2017上海美妆大赛评委 荣获金尚奖提名'),(160,'张海洋','https://open-image.nosdn.127.net/d0d30835760c4bebaa4dda25c4d793c4.jpg?imageView&thumbnail=200y200&quality=95','张海洋：尚忆教育创始人、首席专家，大脑记忆专家，CCTV记忆顾问，出版《超强大脑是这样炼成的》、《五爪金龙单词记忆法》、《活用一辈子的记忆术》等十多部著作'),(161,'李婷Kris','https://open-image.nosdn.127.net/7ecf580238e44b49a242694c196773d3.jpg?imageView&thumbnail=200y200&quality=95','思创客品牌咨询创始人&CEO原SIEGEL+GALE中国区市场负责人北京大学产业研究学院品牌导师馒头商学院最受欢迎的品牌导师'),(162,'齐绍仁','https://open-image.nosdn.127.net/d9d0250681cc4e169b1452ccb528f8fe.jpg?imageView&thumbnail=200y200&quality=95','台湾人曾为贝克汉姆调酒的皇家伺酒师第一位被法国勃艮第大学授予葡萄酒酿造技术学位的中国人大中华区首位勃艮第，夏布利官方讲师大中华区首位教授 WSET三级讲师'),(163,'网易裂变前沿峰会·2018CITC ','https://open-image.nosdn.127.net/05f8c4a284dd4a56a321ad1ec40295a4.png?imageView&thumbnail=200y200&quality=95','思想盛宴/裂变星球/全国20强最激烈角逐/Afterparty 等你探索'),(164,'网易裂变前沿峰会·2018CITC ','https://open-image.nosdn.127.net/125375fd4f3b4163a2562f37a5f45f6e.png?imageView&thumbnail=200y200&quality=95','思想盛宴/裂变星球/全国20强最激烈角逐/Afterparty 等你来探索'),(165,'游玉霞','https://open-image.nosdn.127.net/413aff91ab7b48cfb8030d262a82df7e.jpg?imageView&thumbnail=200y200&quality=95','游玉霞，眼科医师、科普作者。就职于北京爱尔英智眼科医院，原工作于北京同仁医院，具有丰富的临床经验。拥有国家发明专利两项，发表SCI及核心期刊十几篇。微信公众号「游医生指北」运营人，丁香医生、春雨医生、腾讯健康、搜狐健康等平台签约作者。'),(166,'卷毛佟','https://open-image.nosdn.127.net/dfe9effc955e4ee6ae52480478328cf8.jpg?imageView&thumbnail=200y200&quality=95','独立手机摄影师 抖音大V2018全球iPhone摄影大赛获奖摄影师微博，中国图库，米拍网等多家平台认证摄影师抖音人气视频原创作者，通过抖音分享手机摄影技巧，3个月吸引350万关注，视频教程播放量突破2亿，先后被CCTV2，36kr，刺猬公社等多家媒体报道。'),(167,'冯海啸','https://open-image.nosdn.127.net/ff137667fde64a3b998cd72fd40efc3f.jpg?imageView&thumbnail=200y200&quality=95','资深文化艺术导师，博物馆有得聊联合创始人。他非常善于在书画中发现表露作者心迹和创作者可能都意识不到的习惯动作，依靠这些“蛛丝马迹”让我们更了解这些艺术品和艺术家，哪怕它们年代久远的不是那么容易被今天的我们理解。'),(168,'四月','https://open-image.nosdn.127.net/ed8bcea73cd04bf58f2353ac7b337d4f.jpg?imageView&thumbnail=200y200&quality=95','曾任北大心理研究院医师国家二级心理咨询师，NLP专业执行师资深婚姻家庭指导师，督导学员案例1000+'),(169,'Carrie老师','https://open-image.nosdn.127.net/df18582b73e344abaee20d64b4eaa21e.jpg?imageView&thumbnail=200y200&quality=95','全球美国女子健身中心中国区的授权导师、北极星体系普拉提认证教练'),(170,'毕俏','https://open-image.nosdn.127.net/b7162b8c6dd64a02945b5cefb5769417.jpg?imageView&thumbnail=200y200&quality=95','现任动力街区健身会所私教经理李宁公司KOL健身异界领袖康比特签约运动员2016年北京 China fit健身比基尼B组亚军2016年京津冀三省健身比基尼B组亚军2017年北京天展杯健身大会健身比基尼B组季军'),(171,'原画册','https://open-image.nosdn.127.net/f2d974d775dd45fd9f67b67eeaf375f0.jpeg?imageView&thumbnail=200y200&quality=95','手机摄影的呈现者。全球iPhone摄影金奖得主韩松的工作室。'),(172,'迷罗','https://open-image.nosdn.127.net/752e0a1bc6ed4bbcaa7a926ef556572c.jpg?imageView&thumbnail=200y200&quality=95','跟迷罗学静心减压，理论+实战教你简单、迅速、有效化解内心焦虑和情绪困扰，赶跑亚健康，让你的身体爱上你想要的生活，走出人生低谷，享受无忧人生'),(173,'网易裂变前沿峰会·2018CITC ','https://open-image.nosdn.127.net/cabda6969cd744ac84122f462db8de33.png?imageView&thumbnail=200y200&quality=95','思想盛宴/裂变星球/全国20强最激烈角逐/Afterparty 等你来探索'),(174,'小锄头课堂','https://open-image.nosdn.127.net/2dee48aaa32f49968d885188eab9fd12.jpeg?imageView&thumbnail=200y200&quality=95','北京大学艺术学院历届考研状元共同打造。'),(175,'老纳','https://open-image.nosdn.127.net/a64959582049406f803bead357e5df35.jpg?imageView&thumbnail=200y200&quality=95','蜂鸟微课堂金牌讲师，10年摄影经验，累计学员听课10w+,好评率99%'),(176,'童优娣','https://open-image.nosdn.127.net/3792704a29714fafb08a36e11f3e66c9.png?imageView&thumbnail=200y200&quality=95','童优娣：美国波士顿百森大学学者，国际注册高级心理咨询师，学而国际教育创始人、儿童及青少年家庭教育、博物学研究学者，美国本科、高中申请权威专家。'),(177,'冯卡卡','https://open-image.nosdn.127.net/98cf1eaefb3549eb80ed73daf31b1568.jpg?imageView&thumbnail=200y200&quality=95','冯卡卡，28岁荣获“中国杰出女性广告人”“中国最具影响力的广告经理人”，29岁中国首位晋升国际4A公司董事总经理的本土广告人。喜剧编剧、舞台剧演员、国际时尚买手'),(178,'胡明瑜','https://open-image.nosdn.127.net/caed36876b8048259c9b1aaf13acb84d.jpg?imageView&thumbnail=200y200&quality=95','本尚书院院长、创始人，中国人民大学华商书院首席讲师，IPCF国际注册心理咨询师，家庭系统排列师'),(179,'星慧','https://open-image.nosdn.127.net/496b8391e76a44578fa117fb01c2497e.jpg?imageView&thumbnail=200y200&quality=95','前央广夜间情感节目主播15年电台情感主持经历国家一级播音员智慧女人花系列课程创始人数位天使投资人声音指导师'),(180,'朱小兰','https://open-image.nosdn.127.net/fa10e43d068c42d1b88c200bda814890.jpg?imageView&thumbnail=200y200&quality=95','清华大学经管学院MBA、英国伦敦大学学院（UCL）发展管理硕士天津卫视《非你莫属》特邀HR专家嘉宾14年的组织管理咨询与培训专家2018年中国培训师大联盟·金牌讲师为美国前总统老布什等中外领导人担任外事翻译，畅销书《掘金大数据》的译者');
/*!40000 ALTER TABLE `t_teacher` ENABLE KEYS */;
UNLOCK TABLES;

--
-- Table structure for table `t_user`
--

DROP TABLE IF EXISTS `t_user`;
/*!40101 SET @saved_cs_client     = @@character_set_client */;
/*!40101 SET character_set_client = utf8 */;
CREATE TABLE `t_user` (
  `id` int(11) NOT NULL AUTO_INCREMENT,
  `username` varchar(50) NOT NULL,
  `password` varchar(100) NOT NULL,
  `nickname` varchar(50) NOT NULL,
  `phone` varchar(11) NOT NULL,
  `add_time` datetime NOT NULL,
  PRIMARY KEY (`id`)
) ENGINE=InnoDB AUTO_INCREMENT=2 DEFAULT CHARSET=utf8;
/*!40101 SET character_set_client = @saved_cs_client */;

--
-- Dumping data for table `t_user`
--

LOCK TABLES `t_user` WRITE;
/*!40000 ALTER TABLE `t_user` DISABLE KEYS */;
INSERT INTO `t_user` VALUES (1,'disen888','pbkdf2_sha256$36000$lo4C2UDAgMnf$xj5CsDKWbYOfiM0lX2nYmdt5zlDokT1JXTRmfj6mkrY=','disen','17791692095','2019-03-14 12:43:07');
/*!40000 ALTER TABLE `t_user` ENABLE KEYS */;
UNLOCK TABLES;

--
-- Table structure for table `user_mycollection`
--

DROP TABLE IF EXISTS `user_mycollection`;
/*!40101 SET @saved_cs_client     = @@character_set_client */;
/*!40101 SET character_set_client = utf8 */;
CREATE TABLE `user_mycollection` (
  `id` int(11) NOT NULL AUTO_INCREMENT,
  `person_id` int(11) NOT NULL,
  PRIMARY KEY (`id`),
  UNIQUE KEY `person_id` (`person_id`),
  CONSTRAINT `user_mycollection_person_id_d7fef11a_fk_t_user_id` FOREIGN KEY (`person_id`) REFERENCES `t_user` (`id`)
) ENGINE=InnoDB DEFAULT CHARSET=utf8;
/*!40101 SET character_set_client = @saved_cs_client */;

--
-- Dumping data for table `user_mycollection`
--

LOCK TABLES `user_mycollection` WRITE;
/*!40000 ALTER TABLE `user_mycollection` DISABLE KEYS */;
/*!40000 ALTER TABLE `user_mycollection` ENABLE KEYS */;
UNLOCK TABLES;

--
-- Table structure for table `user_relation`
--

DROP TABLE IF EXISTS `user_relation`;
/*!40101 SET @saved_cs_client     = @@character_set_client */;
/*!40101 SET character_set_client = utf8 */;
CREATE TABLE `user_relation` (
  `id` int(11) NOT NULL AUTO_INCREMENT,
  `collect_id` int(11) NOT NULL,
  `courseName_id` int(11) NOT NULL,
  PRIMARY KEY (`id`),
  KEY `user_relation_collect_id_2d0d852f_fk_user_mycollection_id` (`collect_id`),
  KEY `user_relation_courseName_id_ade1badf_fk_t_course_id` (`courseName_id`),
  CONSTRAINT `user_relation_courseName_id_ade1badf_fk_t_course_id` FOREIGN KEY (`courseName_id`) REFERENCES `t_course` (`id`),
  CONSTRAINT `user_relation_collect_id_2d0d852f_fk_user_mycollection_id` FOREIGN KEY (`collect_id`) REFERENCES `user_mycollection` (`id`)
) ENGINE=InnoDB DEFAULT CHARSET=utf8;
/*!40101 SET character_set_client = @saved_cs_client */;

--
-- Dumping data for table `user_relation`
--

LOCK TABLES `user_relation` WRITE;
/*!40000 ALTER TABLE `user_relation` DISABLE KEYS */;
/*!40000 ALTER TABLE `user_relation` ENABLE KEYS */;
UNLOCK TABLES;

--
-- Table structure for table `xadmin_bookmark`
--

DROP TABLE IF EXISTS `xadmin_bookmark`;
/*!40101 SET @saved_cs_client     = @@character_set_client */;
/*!40101 SET character_set_client = utf8 */;
CREATE TABLE `xadmin_bookmark` (
  `id` int(11) NOT NULL AUTO_INCREMENT,
  `title` varchar(128) NOT NULL,
  `url_name` varchar(64) NOT NULL,
  `query` varchar(1000) NOT NULL,
  `is_share` tinyint(1) NOT NULL,
  `content_type_id` int(11) NOT NULL,
  `user_id` int(11) DEFAULT NULL,
  PRIMARY KEY (`id`),
  KEY `xadmin_bookmark_content_type_id_60941679_fk_django_co` (`content_type_id`),
  KEY `xadmin_bookmark_user_id_42d307fc_fk_auth_user_id` (`user_id`),
  CONSTRAINT `xadmin_bookmark_user_id_42d307fc_fk_auth_user_id` FOREIGN KEY (`user_id`) REFERENCES `auth_user` (`id`),
  CONSTRAINT `xadmin_bookmark_content_type_id_60941679_fk_django_co` FOREIGN KEY (`content_type_id`) REFERENCES `django_content_type` (`id`)
) ENGINE=InnoDB DEFAULT CHARSET=utf8;
/*!40101 SET character_set_client = @saved_cs_client */;

--
-- Dumping data for table `xadmin_bookmark`
--

LOCK TABLES `xadmin_bookmark` WRITE;
/*!40000 ALTER TABLE `xadmin_bookmark` DISABLE KEYS */;
/*!40000 ALTER TABLE `xadmin_bookmark` ENABLE KEYS */;
UNLOCK TABLES;

--
-- Table structure for table `xadmin_log`
--

DROP TABLE IF EXISTS `xadmin_log`;
/*!40101 SET @saved_cs_client     = @@character_set_client */;
/*!40101 SET character_set_client = utf8 */;
CREATE TABLE `xadmin_log` (
  `id` int(11) NOT NULL AUTO_INCREMENT,
  `action_time` datetime NOT NULL,
  `ip_addr` char(39) DEFAULT NULL,
  `object_id` longtext,
  `object_repr` varchar(200) NOT NULL,
  `action_flag` varchar(32) NOT NULL,
  `message` longtext NOT NULL,
  `content_type_id` int(11) DEFAULT NULL,
  `user_id` int(11) NOT NULL,
  PRIMARY KEY (`id`),
  KEY `xadmin_log_content_type_id_2a6cb852_fk_django_content_type_id` (`content_type_id`),
  KEY `xadmin_log_user_id_bb16a176_fk_auth_user_id` (`user_id`),
  CONSTRAINT `xadmin_log_user_id_bb16a176_fk_auth_user_id` FOREIGN KEY (`user_id`) REFERENCES `auth_user` (`id`),
  CONSTRAINT `xadmin_log_content_type_id_2a6cb852_fk_django_content_type_id` FOREIGN KEY (`content_type_id`) REFERENCES `django_content_type` (`id`)
) ENGINE=InnoDB AUTO_INCREMENT=12 DEFAULT CHARSET=utf8;
/*!40101 SET character_set_client = @saved_cs_client */;

--
-- Dumping data for table `xadmin_log`
--

LOCK TABLES `xadmin_log` WRITE;
/*!40000 ALTER TABLE `xadmin_log` DISABLE KEYS */;
INSERT INTO `xadmin_log` VALUES (1,'2019-03-14 12:58:46','127.0.0.1','1','视频课','create','已添加',13,1),(2,'2019-03-14 12:58:56','127.0.0.1','2','音频课','create','已添加',13,1),(3,'2019-03-14 13:05:12','127.0.0.1','1','生活','create','已添加',11,1),(4,'2019-03-14 13:05:20','127.0.0.1','2','职业','create','已添加',11,1),(5,'2019-03-14 13:05:28','127.0.0.1','3','经济','create','已添加',11,1),(6,'2019-03-14 13:05:36','127.0.0.1','4','人文','create','已添加',11,1),(7,'2019-03-14 13:05:41','127.0.0.1','5','个人提升','create','已添加',11,1),(8,'2019-03-14 13:05:53','127.0.0.1','6','亲子','create','已添加',11,1),(9,'2019-03-14 13:05:58','127.0.0.1','7','名家课','create','已添加',11,1),(10,'2019-03-14 13:06:02','127.0.0.1','8','读书','create','已添加',11,1),(11,'2019-03-14 13:06:06','127.0.0.1','9','教育','create','已添加',11,1);
/*!40000 ALTER TABLE `xadmin_log` ENABLE KEYS */;
UNLOCK TABLES;

--
-- Table structure for table `xadmin_usersettings`
--

DROP TABLE IF EXISTS `xadmin_usersettings`;
/*!40101 SET @saved_cs_client     = @@character_set_client */;
/*!40101 SET character_set_client = utf8 */;
CREATE TABLE `xadmin_usersettings` (
  `id` int(11) NOT NULL AUTO_INCREMENT,
  `key` varchar(256) NOT NULL,
  `value` longtext NOT NULL,
  `user_id` int(11) NOT NULL,
  PRIMARY KEY (`id`),
  KEY `xadmin_usersettings_user_id_edeabe4a_fk_auth_user_id` (`user_id`),
  CONSTRAINT `xadmin_usersettings_user_id_edeabe4a_fk_auth_user_id` FOREIGN KEY (`user_id`) REFERENCES `auth_user` (`id`)
) ENGINE=InnoDB AUTO_INCREMENT=2 DEFAULT CHARSET=utf8;
/*!40101 SET character_set_client = @saved_cs_client */;

--
-- Dumping data for table `xadmin_usersettings`
--

LOCK TABLES `xadmin_usersettings` WRITE;
/*!40000 ALTER TABLE `xadmin_usersettings` DISABLE KEYS */;
INSERT INTO `xadmin_usersettings` VALUES (1,'dashboard:home:pos','',1);
/*!40000 ALTER TABLE `xadmin_usersettings` ENABLE KEYS */;
UNLOCK TABLES;

--
-- Table structure for table `xadmin_userwidget`
--

DROP TABLE IF EXISTS `xadmin_userwidget`;
/*!40101 SET @saved_cs_client     = @@character_set_client */;
/*!40101 SET character_set_client = utf8 */;
CREATE TABLE `xadmin_userwidget` (
  `id` int(11) NOT NULL AUTO_INCREMENT,
  `page_id` varchar(256) NOT NULL,
  `widget_type` varchar(50) NOT NULL,
  `value` longtext NOT NULL,
  `user_id` int(11) NOT NULL,
  PRIMARY KEY (`id`),
  KEY `xadmin_userwidget_user_id_c159233a_fk_auth_user_id` (`user_id`),
  CONSTRAINT `xadmin_userwidget_user_id_c159233a_fk_auth_user_id` FOREIGN KEY (`user_id`) REFERENCES `auth_user` (`id`)
) ENGINE=InnoDB DEFAULT CHARSET=utf8;
/*!40101 SET character_set_client = @saved_cs_client */;

--
-- Dumping data for table `xadmin_userwidget`
--

LOCK TABLES `xadmin_userwidget` WRITE;
/*!40000 ALTER TABLE `xadmin_userwidget` DISABLE KEYS */;
/*!40000 ALTER TABLE `xadmin_userwidget` ENABLE KEYS */;
UNLOCK TABLES;
/*!40103 SET TIME_ZONE=@OLD_TIME_ZONE */;

/*!40101 SET SQL_MODE=@OLD_SQL_MODE */;
/*!40014 SET FOREIGN_KEY_CHECKS=@OLD_FOREIGN_KEY_CHECKS */;
/*!40014 SET UNIQUE_CHECKS=@OLD_UNIQUE_CHECKS */;
/*!40101 SET CHARACTER_SET_CLIENT=@OLD_CHARACTER_SET_CLIENT */;
/*!40101 SET CHARACTER_SET_RESULTS=@OLD_CHARACTER_SET_RESULTS */;
/*!40101 SET COLLATION_CONNECTION=@OLD_COLLATION_CONNECTION */;
/*!40111 SET SQL_NOTES=@OLD_SQL_NOTES */;

-- Dump completed on 2019-03-14 21:27:18
